X,year,month,day,hour,season,PM2.5,O3,TEMP,PRES
43825,2015,3,1,0,1,69,40,-1.8,1021
43826,2015,3,1,1,1,35,61,-2.6,1020.8
43827,2015,3,1,2,1,20,59,-2.6,1020.4
43828,2015,3,1,3,1,13,60,1.8,1019.7
43829,2015,3,1,4,1,12,54,-0.9,1019.1
43830,2015,3,1,5,1,9,42,-3.2,1018.9
43831,2015,3,1,6,1,10,30,-1.9,1018.7
43832,2015,3,1,7,1,37,14,-2,1018.5
43833,2015,3,1,8,1,44,10,-0.1,1018.6
43834,2015,3,1,9,1,53,16,4.2,1018.8
43835,2015,3,1,10,1,38,40,6,1018.5
43836,2015,3,1,11,1,29,55,7.6,1017.8
43837,2015,3,1,12,1,31,67,8.7,1016.7
43838,2015,3,1,13,1,24,80,9.8,1015.3
43839,2015,3,1,14,1,21,86,10.9,1014
43840,2015,3,1,15,1,19,92,11.5,1013
43841,2015,3,1,16,1,13,90,11.5,1012.4
43842,2015,3,1,17,1,17,88,11.4,1011.8
43843,2015,3,1,18,1,18,79,10.3,1012.2
43844,2015,3,1,19,1,25,74,9.3,1012.6
43845,2015,3,1,20,1,31,65,8.4,1012.8
43846,2015,3,1,21,1,43,38,6,1013
43847,2015,3,1,22,1,49,24,6.5,1012.4
43848,2015,3,1,23,1,54,10,6.6,1011.9
43849,2015,3,2,0,1,55,8,5.4,1011.3
43850,2015,3,2,1,1,59,8,1.7,1010.7
43851,2015,3,2,2,1,54,7,0,1010
43852,2015,3,2,3,1,64,7,-1.5,1009.4
43853,2015,3,2,4,1,62,NA,-2,1008.5
43854,2015,3,2,5,1,66,9,-2.1,1007.8
43855,2015,3,2,6,1,74,10,-1.2,1008.1
43856,2015,3,2,7,1,94,12,-2.7,1008.2
43857,2015,3,2,8,1,106,12,0,1008.6
43858,2015,3,2,9,1,98,19,3,1008.3
43859,2015,3,2,10,1,113,29,5.9,1007.9
43860,2015,3,2,11,1,116,41,8.4,1007.4
43861,2015,3,2,12,1,91,52,10.9,1006.3
43862,2015,3,2,13,1,53,72,13.3,1005
43863,2015,3,2,14,1,25,89,13.9,1004.3
43864,2015,3,2,15,1,18,91,14,1004.4
43865,2015,3,2,16,1,NA,86,14,1004.4
43866,2015,3,2,17,1,NA,80,12.8,1004.5
43867,2015,3,2,18,1,22,76,12.1,1005.2
43868,2015,3,2,19,1,21,67,10.5,1007.1
43869,2015,3,2,20,1,13,68,9.5,1007.9
43870,2015,3,2,21,1,12,71,8.5,1009.4
43871,2015,3,2,22,1,8,78,7.9,1010.5
43872,2015,3,2,23,1,9,80,7.5,1011.3
43873,2015,3,3,0,1,9,80,7,1012.2
43874,2015,3,3,1,1,10,80,6.7,1012.8
43875,2015,3,3,2,1,8,80,5.1,1014.2
43876,2015,3,3,3,1,7,80,3.9,1015.2
43877,2015,3,3,4,1,6,79,3.3,1015.7
43878,2015,3,3,5,1,5,79,2.3,1016.6
43879,2015,3,3,6,1,8,80,1.2,1017.5
43880,2015,3,3,7,1,6,73,-0.6,1019.4
43881,2015,3,3,8,1,9,74,-2.1,1021.3
43882,2015,3,3,9,1,11,74,-2.3,1022.4
43883,2015,3,3,10,1,11,74,-1.1,1023
43884,2015,3,3,11,1,3,76,-0.4,1022.8
43885,2015,3,3,12,1,5,76,0.7,1021.9
43886,2015,3,3,13,1,10,76,1.9,1020.7
43887,2015,3,3,14,1,9,77,2.7,1020.1
43888,2015,3,3,15,1,9,78,3.4,1019.3
43889,2015,3,3,16,1,8,78,3.5,1019.1
43890,2015,3,3,17,1,12,75,2.9,1019.2
43891,2015,3,3,18,1,12,70,2.2,1019.8
43892,2015,3,3,19,1,15,66,1.5,1020.7
43893,2015,3,3,20,1,14,63,1.1,1021.8
43894,2015,3,3,21,1,16,63,0.7,1022.8
43895,2015,3,3,22,1,13,63,0.2,1023.7
43896,2015,3,3,23,1,13,64,-0.2,1024
43897,2015,3,4,0,1,13,62,-0.5,1024
43898,2015,3,4,1,1,13,57,-0.6,1024.2
43899,2015,3,4,2,1,15,51,-1,1024.4
43900,2015,3,4,3,1,15,35,-1.8,1024.1
43901,2015,3,4,4,1,18,NA,-1.9,1024.1
43902,2015,3,4,5,1,16,25,-2.6,1024.3
43903,2015,3,4,6,1,15,28,-3,1024.8
43904,2015,3,4,7,1,16,23,-2.7,1025.4
43905,2015,3,4,8,1,17,29,-1.3,1026.1
43906,2015,3,4,9,1,21,42,0,1026.8
43907,2015,3,4,10,1,NA,43,1.4,1026.8
43908,2015,3,4,11,1,19,51,3.4,1026
43909,2015,3,4,12,1,12,73,3.7,1025.2
43910,2015,3,4,13,1,11,77,4.4,1024
43911,2015,3,4,14,1,16,78,4.666666667,1024
43912,2015,3,4,15,1,23,85,5.6,1022.4
43913,2015,3,4,16,1,24,92,5.5,1022
43914,2015,3,4,17,1,23,93,5.3,1021.7
43915,2015,3,4,18,1,30,84,4,1022
43916,2015,3,4,19,1,30,77,3.8,1022.8
43917,2015,3,4,20,1,42,69,3.3,1023.2
43918,2015,3,4,21,1,50,57,3,1023.8
43919,2015,3,4,22,1,54,54,2.3,1024.1
43920,2015,3,4,23,1,59,46,1.7,1024.1
43921,2015,3,5,0,1,76,39,1.5,1023.9
43922,2015,3,5,1,1,92,32,0.1,1024.3
43923,2015,3,5,2,1,110,28,0.8,1024.4
43924,2015,3,5,3,1,122,26,-0.7,1024.1
43925,2015,3,5,4,1,108,17,-2.6,1023.4
43926,2015,3,5,5,1,112,19,-4.2,1023.3
43927,2015,3,5,6,1,122,19,-4.8,1023.4
43928,2015,3,5,7,1,122,19,-5.4,1023.7
43929,2015,3,5,8,1,126,20,-3.2,1024.2
43930,2015,3,5,9,1,133,23,-0.8,1024.5
43931,2015,3,5,10,1,139,24,1.4,1024.4
43932,2015,3,5,11,1,147,27,4.3,1023.5
43933,2015,3,5,12,1,134,58,5.5,1022.4
43934,2015,3,5,13,1,98,80,6.8,1021.2
43935,2015,3,5,14,1,NA,81,7.3,1020
43936,2015,3,5,15,1,42,NA,7.6,1019.2
43937,2015,3,5,16,1,68,89,7.5,1018.7
43938,2015,3,5,17,1,76,87,7.1,1018
43939,2015,3,5,18,1,85,79,6.5,1018.1
43940,2015,3,5,19,1,85,62,5.7,1018.3
43941,2015,3,5,20,1,109,39,5.6,1018.7
43942,2015,3,5,21,1,176,30,5.2,1018.9
43943,2015,3,5,22,1,218,20,4.4,1019.2
43944,2015,3,5,23,1,227,15,2.7,1019
43945,2015,3,6,0,1,184,26,1.5,1018.5
43946,2015,3,6,1,1,142,31,-0.5,1018.3
43947,2015,3,6,2,1,136,25,-1.4,1018.1
43948,2015,3,6,3,1,174,17,-2.1,1017.5
43949,2015,3,6,4,1,194,15,-2.6,1017
43950,2015,3,6,5,1,182,14,-2.6,1016.9
43951,2015,3,6,6,1,160,14,-3.4,1016.9
43952,2015,3,6,7,1,152,14,-4.1,1017
43953,2015,3,6,8,1,154,16,-2,1017.4
43954,2015,3,6,9,1,162,19,0.1,1017.5
43955,2015,3,6,10,1,163,25,1.6,1017
43956,2015,3,6,11,1,176,36,3.7,1016.2
43957,2015,3,6,12,1,192,38,4.5,1016.25
43958,2015,3,6,13,1,208,43,7.2,1013.9
43959,2015,3,6,14,1,223,44,7.8,1012.8
43960,2015,3,6,15,1,226,NA,8.8,1011.9
43961,2015,3,6,16,1,218,96,9.6,1011.4
43962,2015,3,6,17,1,210,108,9,1011.2
43963,2015,3,6,18,1,234,92,7.7,1011.3
43964,2015,3,6,19,1,247,51,4.9,1011.9
43965,2015,3,6,20,1,256,25,3.1,1012.1
43966,2015,3,6,21,1,265,15,2.6,1012.5
43967,2015,3,6,22,1,280,13,2.6,1012.5
43968,2015,3,6,23,1,290,13,1.9,1012.5
43969,2015,3,7,0,1,312,16,0,1012.7
43970,2015,3,7,1,1,313,19,-0.2,1013
43971,2015,3,7,2,1,299,17,-0.9,1013.3
43972,2015,3,7,3,1,287,16,-0.5,1013.2
43973,2015,3,7,4,1,276,15,-1.2,1013.4
43974,2015,3,7,5,1,274,15,-1.8,1014.1
43975,2015,3,7,6,1,264,14,-2.2,1014.5
43976,2015,3,7,7,1,245,12,-2.6,1015.3
43977,2015,3,7,8,1,230,13,-0.5,1015.9
43978,2015,3,7,9,1,219,19,3.5,1016.3
43979,2015,3,7,10,1,228,31,6.1,1016.6
43980,2015,3,7,11,1,228,43,8.3,1015.9
43981,2015,3,7,12,1,218,59,10,1016
43982,2015,3,7,13,1,209,86,9.333333333,1015.666667
43983,2015,3,7,14,1,194,86,11.4,1013.9
43984,2015,3,7,15,1,190,NA,11.9,1013.5
43985,2015,3,7,16,1,186,102,11.7,1013.2
43986,2015,3,7,17,1,193,103,11,1013.1
43987,2015,3,7,18,1,191,105,9.9,1013.3
43988,2015,3,7,19,1,202,76,8.6,1014
43989,2015,3,7,20,1,217,49,6.4,1014.5
43990,2015,3,7,21,1,225,37,4.9,1015
43991,2015,3,7,22,1,233,20,5.1,1015.6
43992,2015,3,7,23,1,236,11,3.5,1015.4
43993,2015,3,8,0,1,222,11,4.4,1015.1
43994,2015,3,8,1,1,213,20,2.3,1014.9
43995,2015,3,8,2,1,204,16,3.857142857,1015
43996,2015,3,8,3,1,221,12,1.5,1014.5
43997,2015,3,8,4,1,220,12,0.9,1014.3
43998,2015,3,8,5,1,243,13,1.8,1014
43999,2015,3,8,6,1,223,11,0.9,1014.4
44000,2015,3,8,7,1,230,12,0.3,1014.8
44001,2015,3,8,8,1,240,12,2,1015.9
44002,2015,3,8,9,1,259,15,3.4,1017
44003,2015,3,8,10,1,261,22,6.3,1017.7
44004,2015,3,8,11,1,206,44,8.4,1017.8
44005,2015,3,8,12,1,114,66,9.6,1017.9
44006,2015,3,8,13,1,23,85,11.2,1017.8
44007,2015,3,8,14,1,14,88,11.6,1017.7
44008,2015,3,8,15,1,15,NA,12,1017.8
44009,2015,3,8,16,1,11,93,11.6,1018
44010,2015,3,8,17,1,14,93,11.2,1018.7
44011,2015,3,8,18,1,10,86,9.7,1019.5
44012,2015,3,8,19,1,8,78,8.5,1020.8
44013,2015,3,8,20,1,12,72,7.5,1022.3
44014,2015,3,8,21,1,13,70,6.5,1023.7
44015,2015,3,8,22,1,10,77,5.3,1025.2
44016,2015,3,8,23,1,19,79,3.4,1026.6
44017,2015,3,9,0,1,15,82,2.5,1026.7
44018,2015,3,9,1,1,12,80,1.8,1027.5
44019,2015,3,9,2,1,11,78,0.8,1028.6
44020,2015,3,9,3,1,8,81,-0.1,1029.2
44021,2015,3,9,4,1,7,82,-1,1030
44022,2015,3,9,5,1,4,83,-1.5,1030.7
44023,2015,3,9,6,1,4,82,-2.2,1031.4
44024,2015,3,9,7,1,8,74,-3,1032.1
44025,2015,3,9,8,1,8,71,-2.2,1033.3
44026,2015,3,9,9,1,3,79,-1.7,1034.2
44027,2015,3,9,10,1,7,82,-1,1034
44028,2015,3,9,11,1,11,83,-0.3,1033.5
44029,2015,3,9,12,1,5,84,0.1,1033.1
44030,2015,3,9,13,1,8,87,1.2,1032.4
44031,2015,3,9,14,1,13,84,2.3,1031.5
44032,2015,3,9,15,1,20,NA,3.6,1030.7
44033,2015,3,9,16,1,15,93,3.8,1030.4
44034,2015,3,9,17,1,9,91,3.8,1030.3
44035,2015,3,9,18,1,13,85,2.9,1030.7
44036,2015,3,9,19,1,8,79,2.1,1031.6
44037,2015,3,9,20,1,11,72,1.4,1032.2
44038,2015,3,9,21,1,10,67,0.6,1032.7
44039,2015,3,9,22,1,16,62,0.4,1033.2
44040,2015,3,9,23,1,8,67,0,1033.2
44041,2015,3,10,0,1,9,63,-1,1033.2
44042,2015,3,10,1,1,14,63,-1.4,1033.2
44043,2015,3,10,2,1,11,63,-1.8,1033
44044,2015,3,10,3,1,5,64,-3.7,1032.4
44045,2015,3,10,4,1,10,41,-5.4,1031.6
44046,2015,3,10,5,1,14,22,-6.8,1031.2
44047,2015,3,10,6,1,14,17,-7.3,1030.8
44048,2015,3,10,7,1,16,11,-7.2,1030.7
44049,2015,3,10,8,1,21,15,-0.8,1030.5
44050,2015,3,10,9,1,25,23,2.4,1030
44051,2015,3,10,10,1,34,34,3.1,1028.9
44052,2015,3,10,11,1,18,64,4.5,1027.6
44053,2015,3,10,12,1,9,80,5.6,1026.1
44054,2015,3,10,13,1,13,87,6.7,1024.3
44055,2015,3,10,14,1,21,78,7.4,1022.6
44056,2015,3,10,15,1,36,NA,7.4,1021.7
44057,2015,3,10,16,1,43,110,7.9,1020.7
44058,2015,3,10,17,1,40,98,7.5,1020
44059,2015,3,10,18,1,38,88,6.7,1019.7
44060,2015,3,10,19,1,30,76,6.3,1019.6
44061,2015,3,10,20,1,66,67,6.1,1019.7
44062,2015,3,10,21,1,72,54,5.9,1020.2
44063,2015,3,10,22,1,76,43,4.8,1020.6
44064,2015,3,10,23,1,67,19,3.4,1020.3
44065,2015,3,11,0,1,68,12,3.3,1020
44066,2015,3,11,1,1,83,14,0.7,1019.9
44067,2015,3,11,2,1,105,17,-1,1020.1
44068,2015,3,11,3,1,110,17,-3.2,1019.9
44069,2015,3,11,4,1,105,15,-3.8,1019.7
44070,2015,3,11,5,1,86,14,-4,1020.3
44071,2015,3,11,6,1,71,14,-2.6,1020.8
44072,2015,3,11,7,1,76,15,-1.4,1021.6
44073,2015,3,11,8,1,48,29,0.9,1022.6
44074,2015,3,11,9,1,29,45,3.5,1022.7
44075,2015,3,11,10,1,18,56,5.4,1022
44076,2015,3,11,11,1,16,74,6.8,1021.4
44077,2015,3,11,12,1,18,79,7.3,1020.5
44078,2015,3,11,13,1,10,84,8,1019.2
44079,2015,3,11,14,1,9,86,9,1018
44080,2015,3,11,15,1,12,NA,9.4,1017
44081,2015,3,11,16,1,11,96,9.7,1016.5
44082,2015,3,11,17,1,19,78,9.5,1015.6
44083,2015,3,11,18,1,22,76,8.7,1015.5
44084,2015,3,11,19,1,27,71,8.4,1016
44085,2015,3,11,20,1,31,60,7.1,1016
44086,2015,3,11,21,1,36,50,6.4,1016.3
44087,2015,3,11,22,1,42,51,6,1016.3
44088,2015,3,11,23,1,58,41,5.1,1016
44089,2015,3,12,0,1,76,22,4.5,1015.6
44090,2015,3,12,1,1,88,16,4.5,1015
44091,2015,3,12,2,1,81,26,1.5,1014.7
44092,2015,3,12,3,1,88,21,-0.2,1014.1
44093,2015,3,12,4,1,82,15,-0.7,1013.8
44094,2015,3,12,5,1,88,13,-0.9,1014
44095,2015,3,12,6,1,83,13,-2.8,1013.9
44096,2015,3,12,7,1,86,13,-1.8,1013.4
44097,2015,3,12,8,1,87,15,0.1,1013.9
44098,2015,3,12,9,1,92,24,3.3,1014
44099,2015,3,12,10,1,93,35,4.6,1013.8
44100,2015,3,12,11,1,NA,NA,6.3,1013.1
44101,2015,3,12,12,1,NA,NA,8.3,1012.3
44102,2015,3,12,13,1,NA,NA,10.5,1011
44103,2015,3,12,14,1,NA,NA,11.8,1009.8
44104,2015,3,12,15,1,NA,NA,12.2,1009.4
44105,2015,3,12,16,1,NA,NA,11.7,1009.3
44106,2015,3,12,17,1,46,NA,11.7,1009.4
44107,2015,3,12,18,1,50,62,10.8,1010
44108,2015,3,12,19,1,52,47,9.9,1011
44109,2015,3,12,20,1,72,40,8.6,1011.8
44110,2015,3,12,21,1,76,36,6.1,1012.8
44111,2015,3,12,22,1,82,17,6,1013.5
44112,2015,3,12,23,1,85,14,5,1014.2
44113,2015,3,13,0,1,113,14,3.2,1014.6
44114,2015,3,13,1,1,115,15,0.8,1014.9
44115,2015,3,13,2,1,139,7,-0.1,1015.2
44116,2015,3,13,3,1,124,10,-1.3,1015.1
44117,2015,3,13,4,1,114,9,-2.2,1015
44118,2015,3,13,5,1,124,8,-2.9,1015.5
44119,2015,3,13,6,1,127,8,-3.3,1016.4
44120,2015,3,13,7,1,127,9,-3.2,1017.3
44121,2015,3,13,8,1,132,13,1.3,1018.8
44122,2015,3,13,9,1,136,26,4.8,1019.4
44123,2015,3,13,10,1,72,56,6.7,1019.5
44124,2015,3,13,11,1,33,68,8.4,1019.5
44125,2015,3,13,12,1,28,79,9.6,1019
44126,2015,3,13,13,1,28,88,10.6,1017.9
44127,2015,3,13,14,1,19,95,11,1017.1
44128,2015,3,13,15,1,9,100,11.9,1016.7
44129,2015,3,13,16,1,14,102,12.8,1016.6
44130,2015,3,13,17,1,15,98,12,1016.8
44131,2015,3,13,18,1,17,86,11,1017.3
44132,2015,3,13,19,1,25,60,9.5,1018.2
44133,2015,3,13,20,1,30,47,7.6,1019
44134,2015,3,13,21,1,34,29,4.6,1019.2
44135,2015,3,13,22,1,37,20,4.7,1020.5
44136,2015,3,13,23,1,55,15,2.7,1021.5
44137,2015,3,14,0,1,100,11,1.7,1022.1
44138,2015,3,14,1,1,88,8,1.8,1022.1
44139,2015,3,14,2,1,77,6,1.1,1022.1
44140,2015,3,14,3,1,66,7,1.5,1021.4
44141,2015,3,14,4,1,61,NA,1.2,1020.7
44142,2015,3,14,5,1,59,6,0.7,1020
44143,2015,3,14,6,1,55,6,0.5,1020.2
44144,2015,3,14,7,1,56,4,0.4,1020.2
44145,2015,3,14,8,1,60,5,0.7,1020.4
44146,2015,3,14,9,1,63,7,1.2,1020
44147,2015,3,14,10,1,68,9,2,1019.7
44148,2015,3,14,11,1,84,15,3,1018.6
44149,2015,3,14,12,1,96,22,4.7,1017
44150,2015,3,14,13,1,107,28,6.6,1015.2
44151,2015,3,14,14,1,129,32,8.5,1013.4
44152,2015,3,14,15,1,129,41,9.9,1012.2
44153,2015,3,14,16,1,112,57,10.7,1011.3
44154,2015,3,14,17,1,122,42,10.7,1011
44155,2015,3,14,18,1,139,23,9.1,1011.4
44156,2015,3,14,19,1,147,15,8,1012
44157,2015,3,14,20,1,153,8,7,1012.5
44158,2015,3,14,21,1,154,9,5,1012.7
44159,2015,3,14,22,1,170,9,3.5,1013
44160,2015,3,14,23,1,166,9,2.4,1013.1
44161,2015,3,15,0,1,159,7,1.6,1013.6
44162,2015,3,15,1,1,148,7,4.1,1013.9
44163,2015,3,15,2,1,145,6,3.3,1013.8
44164,2015,3,15,3,1,145,6,1.3,1013.5
44165,2015,3,15,4,1,145,6,0.8,1013.6
44166,2015,3,15,5,1,135,7,-0.4,1013.9
44167,2015,3,15,6,1,91,8,0.1,1014.5
44168,2015,3,15,7,1,55,8,-0.8,1015
44169,2015,3,15,8,1,97,8,3.4,1015.8
44170,2015,3,15,9,1,128,12,8.8,1015.7
44171,2015,3,15,10,1,65,38,11.9,1015.3
44172,2015,3,15,11,1,56,37,13,1014.6
44173,2015,3,15,12,1,63,64,14.6,1013.4
44174,2015,3,15,13,1,56,85,15.4,1012.2
44175,2015,3,15,14,1,48,97,16.2,1011.3
44176,2015,3,15,15,1,52,100,16.4,1010.5
44177,2015,3,15,16,1,85,110,16.4,1009.9
44178,2015,3,15,17,1,79,115,16.4,1009.6
44179,2015,3,15,18,1,71,108,15.7,1009.9
44180,2015,3,15,19,1,82,103,14.5,1010
44181,2015,3,15,20,1,86,80,14.6,1010.5
44182,2015,3,15,21,1,98,66,13.8,1010.8
44183,2015,3,15,22,1,122,69,12.8,1010.7
44184,2015,3,15,23,1,133,44,10.8,1010.3
44185,2015,3,16,0,1,143,38,10.7,1009.9
44186,2015,3,16,1,1,148,44,10.2,1009
44187,2015,3,16,2,1,154,22,8.9,1008.7
44188,2015,3,16,3,1,153,7,7.5,1008
44189,2015,3,16,4,1,123,NA,6.2,1007.7
44190,2015,3,16,5,1,112,4,7.4,1006.9
44191,2015,3,16,6,1,121,3,6.7,1007.1
44192,2015,3,16,7,1,104,4,6.6,1007.8
44193,2015,3,16,8,1,106,5,7.4,1008.3
44194,2015,3,16,9,1,116,6,8,1008.7
44195,2015,3,16,10,1,144,8,8.7,1008.8
44196,2015,3,16,11,1,173,10,9.8,1008.5
44197,2015,3,16,12,1,189,14,11.2,1007.8
44198,2015,3,16,13,1,216,21,11.6,1007.2
44199,2015,3,16,14,1,240,27,12.8,1006.1
44200,2015,3,16,15,1,270,31,13.3,1005.7
44201,2015,3,16,16,1,275,31,13.5,1005.5
44202,2015,3,16,17,1,287,26,13.4,1005.5
44203,2015,3,16,18,1,310,19,12.1,1006.1
44204,2015,3,16,19,1,309,2,10.7,1006.9
44205,2015,3,16,20,1,313,2,10.1,1008.1
44206,2015,3,16,21,1,311,2,9.1,1009.1
44207,2015,3,16,22,1,305,2,8.9,1010
44208,2015,3,16,23,1,306,2,8,1010.6
44209,2015,3,17,0,1,312,2,7.6,1010.8
44210,2015,3,17,1,1,322,2,9.6,1011.8
44211,2015,3,17,2,1,332,2,9.1,1012.2
44212,2015,3,17,3,1,315,2,8.1,1012.2
44213,2015,3,17,4,1,318,2,6.8,1012.3
44214,2015,3,17,5,1,312,2,5.3,1013.2
44215,2015,3,17,6,1,307,2,5.5,1014.3
44216,2015,3,17,7,1,304,2,5.4,1015.6
44217,2015,3,17,8,1,290,10,7,1016.8
44218,2015,3,17,9,1,195,40,9.6,1017.6
44219,2015,3,17,10,1,186,54,12.1,1017.9
44220,2015,3,17,11,1,164,66,13.3,1017.6
44221,2015,3,17,12,1,133,78,14.8,1016.9
44222,2015,3,17,13,1,142,87,14.7,1016.2
44223,2015,3,17,14,1,139,100,15.7,1015
44224,2015,3,17,15,1,118,109,15.9,1014.3
44225,2015,3,17,16,1,106,115,15.1,1013.7
44226,2015,3,17,17,1,155,118,14.4,1013.8
44227,2015,3,17,18,1,162,113,13.6,1014.2
44228,2015,3,17,19,1,139,109,12.5,1014.9
44229,2015,3,17,20,1,135,95,11.3,1015.6
44230,2015,3,17,21,1,99,78,9.9,1016.6
44231,2015,3,17,22,1,66,65,8.7,1017.5
44232,2015,3,17,23,1,36,58,8.6,1017.1
44233,2015,3,18,0,1,30,65,8.1,1016.8
44234,2015,3,18,1,1,29,64,8.2,1016.5
44235,2015,3,18,2,1,26,66,7.8,1015.9
44236,2015,3,18,3,1,24,66,7.5,1015
44237,2015,3,18,4,1,25,NA,7,1014.4
44238,2015,3,18,5,1,26,70,5.5,1013.8
44239,2015,3,18,6,1,21,68,5.2,1013.5
44240,2015,3,18,7,1,26,58,5.3,1013.7
44241,2015,3,18,8,1,30,51,7.1,1013.8
44242,2015,3,18,9,1,31,46,8.4,1014
44243,2015,3,18,10,1,32,53,9.3,1013.8
44244,2015,3,18,11,1,34,64,10.2,1013.3
44245,2015,3,18,12,1,30,76,11,1012.4
44246,2015,3,18,13,1,33,89,12.4,1011.2
44247,2015,3,18,14,1,38,92,12.4,1009.9
44248,2015,3,18,15,1,43,96,13.6,1009
44249,2015,3,18,16,1,43,96,12.9,1008.3
44250,2015,3,18,17,1,51,99,12.8,1008
44251,2015,3,18,18,1,58,93,12.3,1008.5
44252,2015,3,18,19,1,63,84,11.4,1009
44253,2015,3,18,20,1,73,74,9.3,1009.3
44254,2015,3,18,21,1,79,44,6.9,1009.9
44255,2015,3,18,22,1,87,26,6.7,1010.4
44256,2015,3,18,23,1,97,6,5.3,1010.8
44257,2015,3,19,0,1,105,5,4.6,1011.1
44258,2015,3,19,1,1,119,9,4,1011.8
44259,2015,3,19,2,1,120,8,6,1012.1
44260,2015,3,19,3,1,95,10,4.1,1011.7
44261,2015,3,19,4,1,84,8,4.4,1011.5
44262,2015,3,19,5,1,84,6,3.7,1011.9
44263,2015,3,19,6,1,90,5,2.3,1012.3
44264,2015,3,19,7,1,87,5,2.9,1013.2
44265,2015,3,19,8,1,88,6,6.7,1014.1
44266,2015,3,19,9,1,97,14,9.9,1014.6
44267,2015,3,19,10,1,88,21,12,1015.1
44268,2015,3,19,11,1,76,29,13.1,1014.8
44269,2015,3,19,12,1,81,31,15.5,1014
44270,2015,3,19,13,1,63,51,17.4,1013.1
44271,2015,3,19,14,1,55,68,17.9,1012.3
44272,2015,3,19,15,1,57,67,18.6,1011.3
44273,2015,3,19,16,1,55,81,18.7,1010.4
44274,2015,3,19,17,1,66,96,17.9,1010.2
44275,2015,3,19,18,1,74,90,17.2,1010.7
44276,2015,3,19,19,1,83,79,16.2,1011.1
44277,2015,3,19,20,1,103,70,16.2,1011.4
44278,2015,3,19,21,1,115,85,15.7,1012.3
44279,2015,3,19,22,1,131,80,14.4,1013.1
44280,2015,3,19,23,1,119,31,11.2,1013.3
44281,2015,3,20,0,1,113,6,11.5,1013.8
44282,2015,3,20,1,1,105,7,8.3,1014
44283,2015,3,20,2,1,55,22,7.2,1014.3
44284,2015,3,20,3,1,30,44,6.7,1014.5
44285,2015,3,20,4,1,32,NA,6,1014.6
44286,2015,3,20,5,1,32,53,12,1014.8
44287,2015,3,20,6,1,31,46,11.4,1015.2
44288,2015,3,20,7,1,24,22,11.2,1015.7
44289,2015,3,20,8,1,29,34,12.7,1016.1
44290,2015,3,20,9,1,29,50,14.7,1016.4
44291,2015,3,20,10,1,27,74,15.9,1016.4
44292,2015,3,20,11,1,35,89,16.9,1015.7
44293,2015,3,20,12,1,32,98,17.5,1014.6
44294,2015,3,20,13,1,39,105,18.4,1013.5
44295,2015,3,20,14,1,39,105,18.7,1012.4
44296,2015,3,20,15,1,38,117,19.2,1011.4
44297,2015,3,20,16,1,39,116,19.2,1010.5
44298,2015,3,20,17,1,44,111,18.5,1009.9
44299,2015,3,20,18,1,39,87,17.4,1009.9
44300,2015,3,20,19,1,41,71,16.9,1010.3
44301,2015,3,20,20,1,41,64,15.5,1010.6
44302,2015,3,20,21,1,44,47,15.8,1010.7
44303,2015,3,20,22,1,53,24,14.2,1010.8
44304,2015,3,20,23,1,59,11,12.5,1011.1
44305,2015,3,21,0,1,62,6,12,1011.1
44306,2015,3,21,1,1,60,11,15.1,1012
44307,2015,3,21,2,1,45,52,14.6,1012.2
44308,2015,3,21,3,1,33,65,13.7,1012.2
44309,2015,3,21,4,1,29,70,13.2,1012
44310,2015,3,21,5,1,19,70,12.3,1012.2
44311,2015,3,21,6,1,21,77,11.3,1013.4
44312,2015,3,21,7,1,23,69,11,1014.3
44313,2015,3,21,8,1,16,70,12.5,1015.5
44314,2015,3,21,9,1,15,75,13.5,1016.4
44315,2015,3,21,10,1,18,80,14.2,1016.4
44316,2015,3,21,11,1,6,87,15.3,1016.2
44317,2015,3,21,12,1,8,94,16.2,1015.6
44318,2015,3,21,13,1,12,96,16.9,1014.9
44319,2015,3,21,14,1,16,97,17.8,1013.9
44320,2015,3,21,15,1,14,98,18.3,1013.1
44321,2015,3,21,16,1,12,97,18.8,1013
44322,2015,3,21,17,1,12,96,18.3,1012.9
44323,2015,3,21,18,1,10,92,17.6,1013.2
44324,2015,3,21,19,1,11,80,16.5,1013.8
44325,2015,3,21,20,1,10,58,15.4,1014.5
44326,2015,3,21,21,1,15,24,13.5,1015.3
44327,2015,3,21,22,1,11,46,11.5,1016.1
44328,2015,3,21,23,1,14,51,10.2,1016.9
44329,2015,3,22,0,1,33,44,13.7,1018
44330,2015,3,22,1,1,44,76,13.7,1018.9
44331,2015,3,22,2,1,31,77,12.8,1019.9
44332,2015,3,22,3,1,24,78,11.4,1020.2
44333,2015,3,22,4,1,15,NA,9.8,1021
44334,2015,3,22,5,1,11,79,7.4,1022.2
44335,2015,3,22,6,1,11,68,6.2,1023.1
44336,2015,3,22,7,1,10,63,5.7,1024.2
44337,2015,3,22,8,1,13,64,6.2,1024.9
44338,2015,3,22,9,1,15,70,6.8,1025.9
44339,2015,3,22,10,1,12,77,8,1026.6
44340,2015,3,22,11,1,9,84,9,1026.4
44341,2015,3,22,12,1,12,89,10.5,1025.9
44342,2015,3,22,13,1,12,95,11.8,1024.9
44343,2015,3,22,14,1,19,98,12.8,1024
44344,2015,3,22,15,1,16,99,13.7,1023.4
44345,2015,3,22,16,1,20,94,13.6,1022.9
44346,2015,3,22,17,1,21,100,13.2,1022.3
44347,2015,3,22,18,1,23,99,12.3,1022.3
44348,2015,3,22,19,1,21,87,11.1,1022.7
44349,2015,3,22,20,1,47,54,10,1023.8
44350,2015,3,22,21,1,45,54,8.9,1024.6
44351,2015,3,22,22,1,38,47,8.2,1025.3
44352,2015,3,22,23,1,38,41,7.3,1025.4
44353,2015,3,23,0,1,40,27,5.9,1025.4
44354,2015,3,23,1,1,44,20,3.8,1025.8
44355,2015,3,23,2,1,44,15,2.3,1025.9
44356,2015,3,23,3,1,44,7,1.2,1025.8
44357,2015,3,23,4,1,56,7,1.3,1025.8
44358,2015,3,23,5,1,55,6,0,1025.7
44359,2015,3,23,6,1,52,6,-0.3,1025.9
44360,2015,3,23,7,1,73,9,0.4,1026.2
44361,2015,3,23,8,1,68,13,5.5,1026.6
44362,2015,3,23,9,1,66,22,8.6,1026.9
44363,2015,3,23,10,1,58,26,12.2,1026.7
44364,2015,3,23,11,1,36,51,14.6,1026.1
44365,2015,3,23,12,1,24,70,15.9,1025.2
44366,2015,3,23,13,1,13,84,16.6,1024.2
44367,2015,3,23,14,1,20,96,17.1,1023.3
44368,2015,3,23,15,1,NA,111,17.9,1022.3
44369,2015,3,23,16,1,NA,119,17.9,1021.8
44370,2015,3,23,17,1,9,106,17.7,1021.6
44371,2015,3,23,18,1,17,96,16.6,1021.9
44372,2015,3,23,19,1,20,87,15.5,1022.4
44373,2015,3,23,20,1,23,82,14.6,1023.1
44374,2015,3,23,21,1,32,66,13.9,1023.6
44375,2015,3,23,22,1,36,62,13.7,1024
44376,2015,3,23,23,1,37,57,11.8,1024.4
44377,2015,3,24,0,1,42,18,8,1024.7
44378,2015,3,24,1,1,53,8,7.4,1025.6
44379,2015,3,24,2,1,64,7,5.9,1026.8
44380,2015,3,24,3,1,114,5,4.9,1027.3
44381,2015,3,24,4,1,90,NA,4.2,1028
44382,2015,3,24,5,1,74,16,2.6,1028.6
44383,2015,3,24,6,1,68,16,2.5,1029.2
44384,2015,3,24,7,1,64,20,2.2,1029.6
44385,2015,3,24,8,1,78,27,5.8,1029.9
44386,2015,3,24,9,1,63,50,7.2,1030.4
44387,2015,3,24,10,1,66,53,8.6,1030.4
44388,2015,3,24,11,1,65,61,10.2,1029.7
44389,2015,3,24,12,1,72,69,11.7,1028.9
44390,2015,3,24,13,1,78,79,13.3,1027.6
44391,2015,3,24,14,1,70,92,14.2,1026.3
44392,2015,3,24,15,1,66,98,15.1,1025.2
44393,2015,3,24,16,1,66,105,15.4,1024.7
44394,2015,3,24,17,1,75,113,15.1,1024.4
44395,2015,3,24,18,1,80,106,14.2,1024.4
44396,2015,3,24,19,1,85,81,13,1024.7
44397,2015,3,24,20,1,104,58,12,1025.6
44398,2015,3,24,21,1,114,46,9.6,1025.9
44399,2015,3,24,22,1,124,30,10.7,1026.2
44400,2015,3,24,23,1,149,43,9.5,1026.5
44401,2015,3,25,0,1,138,21,8,1026.7
44402,2015,3,25,1,1,135,5,6.8,1026.9
44403,2015,3,25,2,1,122,2,5.2,1026.7
44404,2015,3,25,3,1,125,2,4.8,1026.4
44405,2015,3,25,4,1,114,4,3.5,1026.5
44406,2015,3,25,5,1,115,5,2.3,1026.3
44407,2015,3,25,6,1,112,2,1.2,1026.8
44408,2015,3,25,7,1,116,3,2.1,1027.4
44409,2015,3,25,8,1,122,6,6.1,1027.9
44410,2015,3,25,9,1,129,16,8.4,1028.1
44411,2015,3,25,10,1,129,37,9.9,1028.3
44412,2015,3,25,11,1,138,55,11.6,1028
44413,2015,3,25,12,1,158,63,13.4,1027.2
44414,2015,3,25,13,1,163,81,15.2,1026.3
44415,2015,3,25,14,1,157,102,16.8,1025.2
44416,2015,3,25,15,1,110,123,17.5,1024.5
44417,2015,3,25,16,1,89,137,17.9,1024
44418,2015,3,25,17,1,88,137,17.5,1024
44419,2015,3,25,18,1,89,132,16.9,1024.5
44420,2015,3,25,19,1,90,118,16,1025
44421,2015,3,25,20,1,119,92,15.5,1025.3
44422,2015,3,25,21,1,134,68,15.3,1025.5
44423,2015,3,25,22,1,127,69,14.8,1025.8
44424,2015,3,25,23,1,98,78,14.3,1025.7
44425,2015,3,26,0,1,95,70,14.1,1025.6
44426,2015,3,26,1,1,96,57,13.3,1025.6
44427,2015,3,26,2,1,100,41,11.1,1025.5
44428,2015,3,26,3,1,111,50,8,1025.3
44429,2015,3,26,4,1,110,NA,7.3,1025.4
44430,2015,3,26,5,1,115,2,6.3,1025.7
44431,2015,3,26,6,1,120,2,6.1,1025.9
44432,2015,3,26,7,1,128,3,6.1,1026.4
44433,2015,3,26,8,1,138,6,9.2,1026.3
44434,2015,3,26,9,1,NA,13,12.4,1026.5
44435,2015,3,26,10,1,145,28,14.1,1026.4
44436,2015,3,26,11,1,154,44,16.1,1025.9
44437,2015,3,26,12,1,146,90,17.9,1025.2
44438,2015,3,26,13,1,102,140,18.7,1024.1
44439,2015,3,26,14,1,85,156,20.1,1022.9
44440,2015,3,26,15,1,82,162,19.9,1022.1
44441,2015,3,26,16,1,72,164,20.1,1021.6
44442,2015,3,26,17,1,62,157,19.6,1021.2
44443,2015,3,26,18,1,74,150,18.6,1021.3
44444,2015,3,26,19,1,85,136,17.7,1021.6
44445,2015,3,26,20,1,89,128,17,1022.1
44446,2015,3,26,21,1,81,115,16.2,1022.3
44447,2015,3,26,22,1,72,111,15.5,1022.2
44448,2015,3,26,23,1,74,111,14.8,1022.1
44449,2015,3,27,0,1,61,106,14.4,1021.5
44450,2015,3,27,1,1,56,100,14,1021.1
44451,2015,3,27,2,1,57,91,13.2,1020.6
44452,2015,3,27,3,1,58,87,12.6,1020.2
44453,2015,3,27,4,1,62,74,11.5,1020
44454,2015,3,27,5,1,66,65,9,1020
44455,2015,3,27,6,1,69,43,6.8,1020
44456,2015,3,27,7,1,74,4,6.8,1020.2
44457,2015,3,27,8,1,99,6,11,1020
44458,2015,3,27,9,1,114,14,12.4,1019.6
44459,2015,3,27,10,1,100,29,13.9,1019.1
44460,2015,3,27,11,1,108,42,14.9,1018.5
44461,2015,3,27,12,1,113,78,16.3,1017.1
44462,2015,3,27,13,1,120,NA,17.7,1015.7
44463,2015,3,27,14,1,115,NA,19,1014.3
44464,2015,3,27,15,1,113,153,19.7,1012.8
44465,2015,3,27,16,1,118,160,19.4,1012
44466,2015,3,27,17,1,132,163,19.2,1011.3
44467,2015,3,27,18,1,143,154,18.9,1011.1
44468,2015,3,27,19,1,152,142,18.3,1011
44469,2015,3,27,20,1,149,114,17.9,1011.2
44470,2015,3,27,21,1,142,122,17.6,1010.9
44471,2015,3,27,22,1,112,115,16.8,1010.3
44472,2015,3,27,23,1,105,99,16.1,1009.7
44473,2015,3,28,0,1,96,96,15.5,1009.1
44474,2015,3,28,1,1,89,85,15.4,1008.6
44475,2015,3,28,2,1,97,79,14.9,1008.4
44476,2015,3,28,3,1,102,69,14.3,1008.2
44477,2015,3,28,4,1,105,NA,13.7,1007.5
44478,2015,3,28,5,1,114,33,12.1,1007.6
44479,2015,3,28,6,1,156,2,11.1,1007.6
44480,2015,3,28,7,1,74,77,16.1,1007.9
44481,2015,3,28,8,1,26,90,16.8,1008.6
44482,2015,3,28,9,1,23,92,17.5,1008.8
44483,2015,3,28,10,1,31,92,18,1009.1
44484,2015,3,28,11,1,63,90,18.7,1008.9
44485,2015,3,28,12,1,103,87,19.4,1008.5
44486,2015,3,28,13,1,96,89,20.4,1008.1
44487,2015,3,28,14,1,79,96,22.1,1007.5
44488,2015,3,28,15,1,50,105,23.1,1007.2
44489,2015,3,28,16,1,24,110,22.6,1007.3
44490,2015,3,28,17,1,26,110,22.8,1007.9
44491,2015,3,28,18,1,22,109,21.8,1008.5
44492,2015,3,28,19,1,27,96,21.1,1009.5
44493,2015,3,28,20,1,32,82,20.4,1010.8
44494,2015,3,28,21,1,26,56,18.4,1011.5
44495,2015,3,28,22,1,31,14,15.1,1012.2
44496,2015,3,28,23,1,28,33,12.6,1012.2
44497,2015,3,29,0,1,28,21,10.9,1012.2
44498,2015,3,29,1,1,50,2,10.1,1011.9
44499,2015,3,29,2,1,42,3,9.1,1011.8
44500,2015,3,29,3,1,34,2,8.3,1012.2
44501,2015,3,29,4,1,39,2,8.9,1012.6
44502,2015,3,29,5,1,40,2,7.6,1012.9
44503,2015,3,29,6,1,44,2,7.4,1013
44504,2015,3,29,7,1,51,2,7.9,1013.3
44505,2015,3,29,8,1,60,4,11.4,1013.7
44506,2015,3,29,9,1,69,6,14.9,1013.8
44507,2015,3,29,10,1,113,9,16.5,1013.5
44508,2015,3,29,11,1,147,24,18.1,1012.8
44509,2015,3,29,12,1,135,64,19.6,1011.3
44510,2015,3,29,13,1,140,100,20.9,1010.1
44511,2015,3,29,14,1,129,120,22.3,1008.7
44512,2015,3,29,15,1,68,142,22.3,1007.6
44513,2015,3,29,16,1,59,148,22.7,1007
44514,2015,3,29,17,1,63,137,22.6,1006.4
44515,2015,3,29,18,1,63,136,22.2,1006.2
44516,2015,3,29,19,1,62,122,21.3,1006.3
44517,2015,3,29,20,1,66,84,18.6,1006.7
44518,2015,3,29,21,1,95,38,17.2,1006.7
44519,2015,3,29,22,1,157,11,16.3,1006.7
44520,2015,3,29,23,1,152,3,14.4,1006.4
44521,2015,3,30,0,1,142,2,13.6,1006.2
44522,2015,3,30,1,1,137,2,13.3,1005.9
44523,2015,3,30,2,1,124,2,12.9,1005.3
44524,2015,3,30,3,1,136,2,13.7,1005.2
44525,2015,3,30,4,1,122,NA,14,1004.9
44526,2015,3,30,5,1,119,2,12.9,1005
44527,2015,3,30,6,1,121,2,10.9,1005.7
44528,2015,3,30,7,1,121,2,10.7,1006.1
44529,2015,3,30,8,1,133,5,13,1006.2
44530,2015,3,30,9,1,140,15,14.6,1006.5
44531,2015,3,30,10,1,162,40,16.2,1006.4
44532,2015,3,30,11,1,160,63,17.6,1005.7
44533,2015,3,30,12,1,171,92,18.4,1005.1
44534,2015,3,30,13,1,176,116,19.7,1004.1
44535,2015,3,30,14,1,182,141,20.9,1003.2
44536,2015,3,30,15,1,185,156,22,1002.7
44537,2015,3,30,16,1,161,161,21.8,1002.2
44538,2015,3,30,17,1,158,163,21.8,1002.1
44539,2015,3,30,18,1,160,147,21.2,1002.4
44540,2015,3,30,19,1,180,98,18.7,1003
44541,2015,3,30,20,1,189,64,18.5,1003.6
44542,2015,3,30,21,1,185,45,18.7,1004.5
44543,2015,3,30,22,1,180,105,18.1,1004.9
44544,2015,3,30,23,1,170,108,17.5,1004.8
44545,2015,3,31,0,1,154,106,17,1005
44546,2015,3,31,1,1,157,93,16.5,1004.9
44547,2015,3,31,2,1,176,75,15.5,1005.4
44548,2015,3,31,3,1,179,69,14.9,1005.3
44549,2015,3,31,4,1,165,71,14.5,1005.1
44550,2015,3,31,5,1,151,68,13.5,1005.5
44551,2015,3,31,6,1,149,58,13,1006.1
44552,2015,3,31,7,1,159,37,13.3,1007.3
44553,2015,3,31,8,1,162,18,13,1008.4
44554,2015,3,31,9,1,161,14,11.5,1009.7
44555,2015,3,31,10,1,161,4,11,1011.3
44556,2015,3,31,11,1,148,14,10.8,1011.6
44557,2015,3,31,12,1,144,18,10.8,1012.4
44558,2015,3,31,13,1,155,18,10.3,1012.2
44559,2015,3,31,14,1,132,43,11.4,1012
44560,2015,3,31,15,1,110,56,11.4,1012
44561,2015,3,31,16,1,59,37,10.9,1012.6
44562,2015,3,31,17,1,NA,NA,10.8,1013.2
44563,2015,3,31,18,1,NA,NA,10.9,1014
44564,2015,3,31,19,1,NA,NA,10.7,1014.8
44565,2015,3,31,20,1,NA,NA,10.4,1016.2
44566,2015,3,31,21,1,59,37,10.5,1017.5
44567,2015,3,31,22,1,NA,NA,9.2,1017.6
44568,2015,3,31,23,1,66.2,12.4,8.9,1018.2
44569,2015,4,1,0,1,68,19,7.8,1018.5
44570,2015,4,1,1,1,70,27,6.7,1018.5
44571,2015,4,1,2,1,74,14,6.9,1018.7
44572,2015,4,1,3,1,81,2,6.3,1018.5
44573,2015,4,1,4,1,87,NA,6.8,1018.4
44574,2015,4,1,5,1,89,6,7.7,1018.6
44575,2015,4,1,6,1,66,23,6.6,1019
44576,2015,4,1,7,1,64,17,6.6,1019.6
44577,2015,4,1,8,1,65,18,8.3,1019.7
44578,2015,4,1,9,1,68,21,10.4,1020
44579,2015,4,1,10,1,62,42,11.8,1019.8
44580,2015,4,1,11,1,NA,NA,12.3,1019.2
44581,2015,4,1,12,1,31,87,12.6,1017.9
44582,2015,4,1,13,1,26,94,12.4,1016.5
44583,2015,4,1,14,1,28,91,12.4,1015.6
44584,2015,4,1,15,1,33,86,12.3,1014.6
44585,2015,4,1,16,1,41,80,12.1,1013.2
44586,2015,4,1,17,1,36,78,11.9,1012.6
44587,2015,4,1,18,1,42,73,10.6,1012
44588,2015,4,1,19,1,40,70,10.4,1011.5
44589,2015,4,1,20,1,43,59,9.9,1011.6
44590,2015,4,1,21,1,38,47,9.8,1011
44591,2015,4,1,22,1,49,31,8.6,1010.1
44592,2015,4,1,23,1,46,43,8.7,1009.7
44593,2015,4,2,0,1,42,56,6.6,1008.5
44594,2015,4,2,1,1,40,52,5.9,1007.4
44595,2015,4,2,2,1,45,44,5.5,1006.7
44596,2015,4,2,3,1,42,43,5.3,1004.9
44597,2015,4,2,4,1,43,54,5.2,1003.7
44598,2015,4,2,5,1,40,66,4.9,1003.2
44599,2015,4,2,6,1,41,62,4.6,1001.4
44600,2015,4,2,7,1,51,45,4.7,1000.7
44601,2015,4,2,8,1,55,39,4.8,999.8
44602,2015,4,2,9,1,51,39,5.4,998.9
44603,2015,4,2,10,1,49,41,6,998.1
44604,2015,4,2,11,1,43,66,6.9,997.4
44605,2015,4,2,12,1,34,77,7.8,995.5
44606,2015,4,2,13,1,25,92,9.8,994.5
44607,2015,4,2,14,1,27,102,11.1,993.8
44608,2015,4,2,15,1,32,112,12.2,992.9
44609,2015,4,2,16,1,34,115,14.1,992.8
44610,2015,4,2,17,1,36,100,13.6,993.5
44611,2015,4,2,18,1,25,83,14.8,994.6
44612,2015,4,2,19,1,17,82,14,995.4
44613,2015,4,2,20,1,17,80,14,996.8
44614,2015,4,2,21,1,13,92,14,998.2
44615,2015,4,2,22,1,12,96,13.7,999.3
44616,2015,4,2,23,1,11,97,13.4,1000
44617,2015,4,3,0,1,10,96,12.7,1001.1
44618,2015,4,3,1,1,13,82,10.2,1002.5
44619,2015,4,3,2,1,19,57,9.2,1003.2
44620,2015,4,3,3,1,19,62,8.2,1004.2
44621,2015,4,3,4,1,23,NA,9,1004.7
44622,2015,4,3,5,1,18,58,8.4,1005.9
44623,2015,4,3,6,1,23,57,6.4,1007.2
44624,2015,4,3,7,1,23,52,8.3,1008.1
44625,2015,4,3,8,1,27,58,11.1,1009
44626,2015,4,3,9,1,24,74,12.9,1009.3
44627,2015,4,3,10,1,16,102,14,1009.8
44628,2015,4,3,11,1,13,112,14.5,1009.1
44629,2015,4,3,12,1,15,120,15.3,1009.3
44630,2015,4,3,13,1,21,134,15.8,1008.6
44631,2015,4,3,14,1,38,132,16.1,1008.2
44632,2015,4,3,15,1,45,134,15.8,1008.1
44633,2015,4,3,16,1,45,131,16,1007.7
44634,2015,4,3,17,1,45,136,14.8,1007.9
44635,2015,4,3,18,1,60,134,14.2,1008.3
44636,2015,4,3,19,1,76,112,13.2,1008.8
44637,2015,4,3,20,1,71,124,12.4,1009.2
44638,2015,4,3,21,1,54,107,11.6,1009.9
44639,2015,4,3,22,1,40,90,10.6,1010.4
44640,2015,4,3,23,1,31,87,9.9,1010.2
44641,2015,4,4,0,1,34,80,9.4,1009.8
44642,2015,4,4,1,1,34,68,9,1009.3
44643,2015,4,4,2,1,36,64,8.7,1008.7
44644,2015,4,4,3,1,38,68,8.8,1008
44645,2015,4,4,4,1,35,75,9.3,1007.4
44646,2015,4,4,5,1,37,68,8.6,1006.8
44647,2015,4,4,6,1,35,65,9.2,1007.7
44648,2015,4,4,7,1,36,88,9.7,1008.9
44649,2015,4,4,8,1,45,84,10.4,1008.8
44650,2015,4,4,9,1,56,93,11.2,1008.4
44651,2015,4,4,10,1,72,105,11.7,1009.1
44652,2015,4,4,11,1,78,115,13.1,1008.4
44653,2015,4,4,12,1,77,138,14,1007.5
44654,2015,4,4,13,1,74,161,15.1,1007.9
44655,2015,4,4,14,1,70,170,16,1007
44656,2015,4,4,15,1,74,175,16,1006.7
44657,2015,4,4,16,1,69,177,16.4,1006.7
44658,2015,4,4,17,1,71,170,16.7,1006.1
44659,2015,4,4,18,1,83,150,15.8,1006.6
44660,2015,4,4,19,1,85,121,15.1,1007.6
44661,2015,4,4,20,1,90,126,14.6,1008.7
44662,2015,4,4,21,1,91,134,14.4,1009.3
44663,2015,4,4,22,1,104,124,13.9,1010.6
44664,2015,4,4,23,1,105,131,13.3,1010.5
44665,2015,4,5,0,1,115,109,13,1010.3
44666,2015,4,5,1,1,126,82,12.7,1010.2
44667,2015,4,5,2,1,124,55,11,1009.6
44668,2015,4,5,3,1,116,12,10.6,1009.6
44669,2015,4,5,4,1,117,NA,10.8,1009.5
44670,2015,4,5,5,1,127,2,10.7,1009.8
44671,2015,4,5,6,1,143,2,11.4,1010.9
44672,2015,4,5,7,1,118,30,12.2,1011.6
44673,2015,4,5,8,1,30,80,14.2,1012
44674,2015,4,5,9,1,20,88,14.3,1012.5
44675,2015,4,5,10,1,25,91,15.1,1012.9
44676,2015,4,5,11,1,27,90,15.3,1013.3
44677,2015,4,5,12,1,23,92,15.8,1013.4
44678,2015,4,5,13,1,19,98,15.9,1013.6
44679,2015,4,5,14,1,25,100,16,1013.4
44680,2015,4,5,15,1,23,99,15.9,1013.5
44681,2015,4,5,16,1,25,96,15.9,1014
44682,2015,4,5,17,1,18,90,14.5,1014.8
44683,2015,4,5,18,1,20,80,13,1015.9
44684,2015,4,5,19,1,14,73,11.3,1017.5
44685,2015,4,5,20,1,18,71,10.3,1019.3
44686,2015,4,5,21,1,22,77,9.3,1020.6
44687,2015,4,5,22,1,21,79,8.2,1021.9
44688,2015,4,5,23,1,24,78,7.6,1022.6
44689,2015,4,6,0,1,16,79,7.2,1023.3
44690,2015,4,6,1,1,18,78,6.4,1023.7
44691,2015,4,6,2,1,17,79,6,1024
44692,2015,4,6,3,1,21,79,5.1,1024.4
44693,2015,4,6,4,1,18,80,4.9,1025.3
44694,2015,4,6,5,1,17,79,4.7,1025.9
44695,2015,4,6,6,1,17,76,4.3,1026.8
44696,2015,4,6,7,1,13,73,4.2,1027.8
44697,2015,4,6,8,1,14,70,5,1028.8
44698,2015,4,6,9,1,19,67,5.1,1029.1
44699,2015,4,6,10,1,18,73,5.8,1029.2
44700,2015,4,6,11,1,22,79,7.3,1028.8
44701,2015,4,6,12,1,12,86,7.8,1027.7
44702,2015,4,6,13,1,16,90,8.9,1026.6
44703,2015,4,6,14,1,19,97,10.3,1025.3
44704,2015,4,6,15,1,20,100,11.2,1024.5
44705,2015,4,6,16,1,20,100,11.7,1023.7
44706,2015,4,6,17,1,21,97,11.3,1023.5
44707,2015,4,6,18,1,30,78,10.1,1023.8
44708,2015,4,6,19,1,33,77,9.3,1024.1
44709,2015,4,6,20,1,34,79,9,1025.3
44710,2015,4,6,21,1,33,77,8.5,1026.1
44711,2015,4,6,22,1,40,66,7.7,1026.8
44712,2015,4,6,23,1,41,65,7.5,1027.2
44713,2015,4,7,0,1,43,63,6.5,1027.7
44714,2015,4,7,1,1,47,27,5,1028.3
44715,2015,4,7,2,1,39,36,5.2,1028.7
44716,2015,4,7,3,1,12,66,4.8,1029.1
44717,2015,4,7,4,1,8,NA,4,1029.3
44718,2015,4,7,5,1,12,62,3.1,1029.2
44719,2015,4,7,6,1,10,58,1.7,1029.6
44720,2015,4,7,7,1,12,50,4.3,1030.3
44721,2015,4,7,8,1,12,58,6.6,1030.6
44722,2015,4,7,9,1,NA,NA,7.7,1030.2
44723,2015,4,7,10,1,NA,NA,8.8,1029.8
44724,2015,4,7,11,1,NA,NA,9.7,1028.9
44725,2015,4,7,12,1,6,84,10.6,1027.8
44726,2015,4,7,13,1,14,88,11.5,1026.7
44727,2015,4,7,14,1,14,87,12.6,1025.3
44728,2015,4,7,15,1,12,82,12.6,1023.9
44729,2015,4,7,16,1,18,84,12.4,1023
44730,2015,4,7,17,1,23,87,12.3,1022.6
44731,2015,4,7,18,1,26,81,11.6,1022.3
44732,2015,4,7,19,1,25,81,10.9,1022.6
44733,2015,4,7,20,1,36,77,10.4,1023.4
44734,2015,4,7,21,1,50,72,9.9,1024
44735,2015,4,7,22,1,61,71,9.7,1023.9
44736,2015,4,7,23,1,64,66,9,1023.9
44737,2015,4,8,0,1,70,60,8.7,1023.5
44738,2015,4,8,1,1,71,50,8.4,1023
44739,2015,4,8,2,1,74,39,7.7,1022.9
44740,2015,4,8,3,1,77,23,7.5,1022.4
44741,2015,4,8,4,1,77,16,6.7,1021.8
44742,2015,4,8,5,1,73,3,4.5,1021.6
44743,2015,4,8,6,1,84,3,3.4,1022.1
44744,2015,4,8,7,1,95,6,4.2,1022.4
44745,2015,4,8,8,1,95,12,6.6,1022.4
44746,2015,4,8,9,1,104,15,8.6,1022.3
44747,2015,4,8,10,1,100,21,10.6,1022.1
44748,2015,4,8,11,1,102,58,10.9,1021.5
44749,2015,4,8,12,1,84,82,12.6,1020.1
44750,2015,4,8,13,1,72,100,14,1019
44751,2015,4,8,14,1,86,101,13.6,1018
44752,2015,4,8,15,1,99,100,12.9,1017.4
44753,2015,4,8,16,1,107,91,12.2,1016.9
44754,2015,4,8,17,1,111,82,11.6,1016.6
44755,2015,4,8,18,1,122,84,11.3,1016.5
44756,2015,4,8,19,1,126,78,10.8,1016.6
44757,2015,4,8,20,1,128,58,9.8,1017.6
44758,2015,4,8,21,1,138,38,9.3,1018
44759,2015,4,8,22,1,142,27,8.9,1018
44760,2015,4,8,23,1,139,13,8.3,1018.1
44761,2015,4,9,0,1,149,14,7.4,1018.1
44762,2015,4,9,1,1,135,17,6.6,1017.7
44763,2015,4,9,2,1,124,7,5.4,1017.5
44764,2015,4,9,3,1,123,3,4.7,1017.3
44765,2015,4,9,4,1,122,NA,3.9,1016.9
44766,2015,4,9,5,1,131,3,3.2,1016.8
44767,2015,4,9,6,1,138,4,3,1016.9
44768,2015,4,9,7,1,131,5,4.3,1017.2
44769,2015,4,9,8,1,136,6,7.2,1017.4
44770,2015,4,9,9,1,142,12,9.4,1017.4
44771,2015,4,9,10,1,168,21,11.5,1017.5
44772,2015,4,9,11,1,165,46,12.5,1017
44773,2015,4,9,12,1,173,63,14.2,1016.1
44774,2015,4,9,13,1,185,65,15.7,1015.3
44775,2015,4,9,14,1,196,110,16.8,1014.4
44776,2015,4,9,15,1,184,136,17.3,1013.6
44777,2015,4,9,16,1,164,136,17.8,1013.4
44778,2015,4,9,17,1,116,124,17.7,1013.5
44779,2015,4,9,18,1,117,122,16.7,1013.4
44780,2015,4,9,19,1,177,121,15.8,1013.7
44781,2015,4,9,20,1,231,104,15.1,1014.6
44782,2015,4,9,21,1,240,102,14.8,1015
44783,2015,4,9,22,1,237,96,14.2,1015.3
44784,2015,4,9,23,1,234,82,13.6,1015.5
44785,2015,4,10,0,1,242,73,13,1015.6
44786,2015,4,10,1,1,212,20,10.1,1015.7
44787,2015,4,10,2,1,201,2,8.9,1015.6
44788,2015,4,10,3,1,234,2,7.7,1015.8
44789,2015,4,10,4,1,229,2,8.3,1015.7
44790,2015,4,10,5,1,216,2,6.6,1015.9
44791,2015,4,10,6,1,206,2,6.5,1016.5
44792,2015,4,10,7,1,198,3,7.1,1017.2
44793,2015,4,10,8,1,218,12,9.9,1017.3
44794,2015,4,10,9,1,219,14,11.5,1017.5
44795,2015,4,10,10,1,213,26,13.7,1017.5
44796,2015,4,10,11,1,226,50,15.7,1016.7
44797,2015,4,10,12,1,205,90,17.8,1015.8
44798,2015,4,10,13,1,165,105,19,1014.9
44799,2015,4,10,14,1,133,124,20.2,1013.5
44800,2015,4,10,15,1,112,140,20.5,1012.8
44801,2015,4,10,16,1,122,153,20.8,1012.1
44802,2015,4,10,17,1,112,161,20.2,1012.5
44803,2015,4,10,18,1,82,128,19.8,1012.3
44804,2015,4,10,19,1,53,86,17.8,1012.6
44805,2015,4,10,20,1,67.5,30.6,15,1013.4
44806,2015,4,10,21,1,92,5,15.2,1014.1
44807,2015,4,10,22,1,89,13,16.6,1014.8
44808,2015,4,10,23,1,60,91,15.9,1013.6
44809,2015,4,11,0,1,64,25,15.9,1014.2
44810,2015,4,11,1,1,70,10,14.2,1015
44811,2015,4,11,2,1,116,12,12.7,1014.6
44812,2015,4,11,3,1,215,34,12.2,1014.7
44813,2015,4,11,4,1,244,NA,11.7,1014.6
44814,2015,4,11,5,1,246,9,11,1014.6
44815,2015,4,11,6,1,239,5,10.4,1015.6
44816,2015,4,11,7,1,236,15,10.7,1015.7
44817,2015,4,11,8,1,223,42,11.8,1016.2
44818,2015,4,11,9,1,202,65,13.4,1016.5
44819,2015,4,11,10,1,185,83,14.7,1016.7
44820,2015,4,11,11,1,166,102,16.1,1016.3
44821,2015,4,11,12,1,136,125,17.1,1015.8
44822,2015,4,11,13,1,128,135,17.5,1015.2
44823,2015,4,11,14,1,127,140,18.2,1014.4
44824,2015,4,11,15,1,104,143,18.1,1014.1
44825,2015,4,11,16,1,86,138,17.5,1014.1
44826,2015,4,11,17,1,94,122,16.2,1014.3
44827,2015,4,11,18,1,87,102,15.8,1014.7
44828,2015,4,11,19,1,122,90,14.8,1015.6
44829,2015,4,11,20,1,134,81,13.4,1016.3
44830,2015,4,11,21,1,133,67,12.5,1017
44831,2015,4,11,22,1,84,55,11.2,1019.7
44832,2015,4,11,23,1,27,70,9.3,1020.2
44833,2015,4,12,0,1,13,56,8.3,1018.7
44834,2015,4,12,1,1,8,53,8.3,1018.5
44835,2015,4,12,2,1,12,45,8.3,1018.3
44836,2015,4,12,3,1,17,66,8.9,1017.3
44837,2015,4,12,4,1,13,65,8.6,1017
44838,2015,4,12,5,1,11,69,8.1,1017.1
44839,2015,4,12,6,1,7,72,7.9,1017.8
44840,2015,4,12,7,1,9,74,7.5,1018.6
44841,2015,4,12,8,1,14,73,7.7,1019.4
44842,2015,4,12,9,1,8,74,8.3,1020.1
44843,2015,4,12,10,1,12,77,9.2,1020.4
44844,2015,4,12,11,1,13,79,10.4,1020.5
44845,2015,4,12,12,1,13,85,10.5,1020.9
44846,2015,4,12,13,1,15,82,9.6,1021.5
44847,2015,4,12,14,1,14,84,8.4,1021.7
44848,2015,4,12,15,1,14,84,8.2,1022.4
44849,2015,4,12,16,1,18,87,7.2,1023.2
44850,2015,4,12,17,1,11,86,6.8,1023.9
44851,2015,4,12,18,1,14,88,6.6,1024.5
44852,2015,4,12,19,1,14,84,6.4,1025.1
44853,2015,4,12,20,1,15,84,6,1025.7
44854,2015,4,12,21,1,12,88,5.6,1026.5
44855,2015,4,12,22,1,9,87,4.7,1026.8
44856,2015,4,12,23,1,12,87,5.4,1026.3
44857,2015,4,13,0,1,11,82,5.6,1026.3
44858,2015,4,13,1,1,11,76,6,1026.1
44859,2015,4,13,2,1,13,78,5,1026.1
44860,2015,4,13,3,1,NA,NA,4.9,1025.9
44861,2015,4,13,4,1,11,NA,5.3,1025.4
44862,2015,4,13,5,1,14,88,6.2,1025
44863,2015,4,13,6,1,14,89,6.3,1024.8
44864,2015,4,13,7,1,14,80,7.2,1024.8
44865,2015,4,13,8,1,20,81,7.9,1024.9
44866,2015,4,13,9,1,17,91,9.6,1024.4
44867,2015,4,13,10,1,21,97,11.2,1024
44868,2015,4,13,11,1,20,106,12.8,1023.1
44869,2015,4,13,12,1,28,112,14.3,1021.9
44870,2015,4,13,13,1,25,117,15.7,1020.6
44871,2015,4,13,14,1,31,127,16.9,1019.2
44872,2015,4,13,15,1,28,133,18,1017.5
44873,2015,4,13,16,1,33,131,18.5,1016.1
44874,2015,4,13,17,1,35,123,18.1,1015.2
44875,2015,4,13,18,1,40,127,16.7,1014.6
44876,2015,4,13,19,1,38,113,15.3,1014
44877,2015,4,13,20,1,40,102,14.7,1014
44878,2015,4,13,21,1,47,96,14,1013.5
44879,2015,4,13,22,1,51,83,13.3,1012.4
44880,2015,4,13,23,1,56,55,12.1,1011.5
44881,2015,4,14,0,1,62,21,11.1,1010.6
44882,2015,4,14,1,1,66,3,8.6,1010
44883,2015,4,14,2,1,71,2,7,1009.3
44884,2015,4,14,3,1,67,2,6.3,1008.6
44885,2015,4,14,4,1,69,2,5.5,1007.9
44886,2015,4,14,5,1,77,2,5.2,1007.4
44887,2015,4,14,6,1,85,3,4.5,1007.6
44888,2015,4,14,7,1,81,7,8.3,1007.7
44889,2015,4,14,8,1,56,25,11.2,1007.4
44890,2015,4,14,9,1,54,34,13.8,1006.8
44891,2015,4,14,10,1,59,42,17.3,1006.2
44892,2015,4,14,11,1,53,60,20.1,1005.2
44893,2015,4,14,12,1,46,71,22.3,1003.9
44894,2015,4,14,13,1,53,82,24,1002.8
44895,2015,4,14,14,1,53,91,24.8,1001.3
44896,2015,4,14,15,1,46,126,25.3,1000
44897,2015,4,14,16,1,50,138,25.5,999.2
44898,2015,4,14,17,1,50,141,24.9,998.9
44899,2015,4,14,18,1,40,117,23.7,998.5
44900,2015,4,14,19,1,54,115,22.4,998.7
44901,2015,4,14,20,1,47,81,21.3,998.9
44902,2015,4,14,21,1,46,79,21.2,999
44903,2015,4,14,22,1,48,60,20.3,998.8
44904,2015,4,14,23,1,54,40,18.5,998.3
44905,2015,4,15,0,1,58,21,15.4,998.2
44906,2015,4,15,1,1,61,6,13.3,997.8
44907,2015,4,15,2,1,74,3,12,997.1
44908,2015,4,15,3,1,100,3,10.8,996.7
44909,2015,4,15,4,1,87,NA,10,996
44910,2015,4,15,5,1,83,2,9.6,995.8
44911,2015,4,15,6,1,85,2,9.3,996.2
44912,2015,4,15,7,1,105,3,10.9,996.5
44913,2015,4,15,8,1,148,8,13.8,996.3
44914,2015,4,15,9,1,169,14,16.4,995.7
44915,2015,4,15,10,1,154,16,18.1,995.7
44916,2015,4,15,11,1,157,21,19.3,995.2
44917,2015,4,15,12,1,154,22,20.8,994.1
44918,2015,4,15,13,1,173,28,21.9,993
44919,2015,4,15,14,1,177,53,23.2,992.2
44920,2015,4,15,15,1,NA,96,23.3,991
44921,2015,4,15,16,1,NA,120,23.9,990.3
44922,2015,4,15,17,1,119,119,24.7,990.3
44923,2015,4,15,18,1,168,100,23.5,993.6
44924,2015,4,15,19,1,243,90,20.6,996
44925,2015,4,15,20,1,88,97,18.8,998.5
44926,2015,4,15,21,1,70,95,18.9,1000.1
44927,2015,4,15,22,1,83,89,17.8,1000.9
44928,2015,4,15,23,1,83,96,17.6,1001.6
44929,2015,4,16,0,1,78,93,16.6,1003.2
44930,2015,4,16,1,1,86,103,16.1,1004.5
44931,2015,4,16,2,1,62,98,14.9,1006.2
44932,2015,4,16,3,1,30,96,14.1,1006.9
44933,2015,4,16,4,1,23,88,13.3,1007.4
44934,2015,4,16,5,1,65,89,12.9,1007.8
44935,2015,4,16,6,1,NA,85,12.3,1009.3
44936,2015,4,16,7,1,64,80,12.7,1010.2
44937,2015,4,16,8,1,20,83,13.4,1010.5
44938,2015,4,16,9,1,20,86,14,1010.4
44939,2015,4,16,10,1,17,87,15.3,1010.4
44940,2015,4,16,11,1,NA,91,16.4,1010.1
44941,2015,4,16,12,1,9,98,17.1,1009.5
44942,2015,4,16,13,1,12,104,18.7,1008
44943,2015,4,16,14,1,8,108,20.2,1007.4
44944,2015,4,16,15,1,9,110,20.8,1006
44945,2015,4,16,16,1,8,111,20.9,1005
44946,2015,4,16,17,1,9,104,19.7,1004.9
44947,2015,4,16,18,1,22,96,18.5,1004.5
44948,2015,4,16,19,1,31,94,17.9,1004.7
44949,2015,4,16,20,1,35,95,17.4,1005.3
44950,2015,4,16,21,1,35,80,17,1006
44951,2015,4,16,22,1,37,67,16.5,1006.2
44952,2015,4,16,23,1,48,60,15.9,1006.3
44953,2015,4,17,0,1,73,54,15.3,1006.2
44954,2015,4,17,1,1,47,54,15.1,1005.6
44955,2015,4,17,2,1,42,49,14.3,1005.3
44956,2015,4,17,3,1,48,38,14,1004.6
44957,2015,4,17,4,1,44,NA,12.9,1004.7
44958,2015,4,17,5,1,99,30,11.3,1004.5
44959,2015,4,17,6,1,52,8,9.1,1005
44960,2015,4,17,7,1,56,4,10.9,1005.1
44961,2015,4,17,8,1,108,12,14,1005.4
44962,2015,4,17,9,1,83,25,15.4,1006
44963,2015,4,17,10,1,66,31,17.3,1006.1
44964,2015,4,17,11,1,65,45,19,1005.6
44965,2015,4,17,12,1,72,42,20.4,1004.5
44966,2015,4,17,13,1,83,60,22,1003.8
44967,2015,4,17,14,1,83,102,23.8,1003.1
44968,2015,4,17,15,1,74,116,25,1002.3
44969,2015,4,17,16,1,95,124,25.2,1002
44970,2015,4,17,17,1,214,127,24.3,1002.1
44971,2015,4,17,18,1,98,113,23.6,1002.1
44972,2015,4,17,19,1,96,107,22.3,1003.2
44973,2015,4,17,20,1,106,94,21,1003.9
44974,2015,4,17,21,1,122,70,19.3,1004.9
44975,2015,4,17,22,1,116,62,18.5,1005.2
44976,2015,4,17,23,1,108,58,17.5,1005.4
44977,2015,4,18,0,1,111,32,16.7,1005.6
44978,2015,4,18,1,1,117,6,16,1005.7
44979,2015,4,18,2,1,133,2,17.3,1005.7
44980,2015,4,18,3,1,140,2,16.4,1005.7
44981,2015,4,18,4,1,138,2,14.8,1005.5
44982,2015,4,18,5,1,127,2,13.7,1005.8
44983,2015,4,18,6,1,140,2,14.1,1006.2
44984,2015,4,18,7,1,148,2,14.4,1006.6
44985,2015,4,18,8,1,154,2,15.2,1007
44986,2015,4,18,9,1,243,3,16.7,1007
44987,2015,4,18,10,1,224,9,18.1,1007.3
44988,2015,4,18,11,1,207,23,20.2,1007.2
44989,2015,4,18,12,1,185,48,20.8,1007
44990,2015,4,18,13,1,168,81,21.1,1006.6
44991,2015,4,18,14,1,159,108,21.2,1005.9
44992,2015,4,18,15,1,148,124,21,1005.6
44993,2015,4,18,16,1,176,115,21.1,1005.2
44994,2015,4,18,17,1,184,108,21,1005.2
44995,2015,4,18,18,1,181,104,20.5,1006
44996,2015,4,18,19,1,158,98,19.4,1006.5
44997,2015,4,18,20,1,62,102,17.8,1007.7
44998,2015,4,18,21,1,51,94,18.1,1007.9
44999,2015,4,18,22,1,50,73,17.6,1008.3
45000,2015,4,18,23,1,86,35,16.4,1008.3
45001,2015,4,19,0,1,122,27,16.3,1008.4
45002,2015,4,19,1,1,117,11,15.6,1008.2
45003,2015,4,19,2,1,108,5,15.3,1008.7
45004,2015,4,19,3,1,104,3,14.9,1008.2
45005,2015,4,19,4,1,71,NA,15.2,1008.2
45006,2015,4,19,5,1,38,31,15.6,1008.8
45007,2015,4,19,6,1,35,39,14.2,1009.5
45008,2015,4,19,7,1,27,27,15.9,1010.3
45009,2015,4,19,8,1,29,33,17,1010.9
45010,2015,4,19,9,1,42,57,17.5,1011.6
45011,2015,4,19,10,1,46,85,18,1012.1
45012,2015,4,19,11,1,57,97,18.6,1012
45013,2015,4,19,12,1,43,107,19.4,1011.4
45014,2015,4,19,13,1,40,111,19.9,1011
45015,2015,4,19,14,1,47,116,20.4,1010.4
45016,2015,4,19,15,1,55,112,21.1,1009.6
45017,2015,4,19,16,1,40,111,21.3,1008.7
45018,2015,4,19,17,1,46,110,21.3,1008.8
45019,2015,4,19,18,1,63,83,18.5,1009
45020,2015,4,19,19,1,110,64,16.3,1009.6
45021,2015,4,19,20,1,97,56,15.1,1010.9
45022,2015,4,19,21,1,88,53,14.4,1011.5
45023,2015,4,19,22,1,88,38,13.6,1011.9
45024,2015,4,19,23,1,84,36,12.7,1012.5
45025,2015,4,20,0,1,89,21,11.4,1012.6
45026,2015,4,20,1,1,91,3,9.4,1012.5
45027,2015,4,20,2,1,90,2,8.3,1012.3
45028,2015,4,20,3,1,95,2,7.7,1012
45029,2015,4,20,4,1,94,2,7.2,1011.6
45030,2015,4,20,5,1,91,2,6.5,1011.7
45031,2015,4,20,6,1,87,2,6.7,1012.1
45032,2015,4,20,7,1,95,3,9.6,1012.9
45033,2015,4,20,8,1,100,19,12.7,1013.3
45034,2015,4,20,9,1,64,42,15.9,1013
45035,2015,4,20,10,1,47,64,18.7,1012.7
45036,2015,4,20,11,1,28,90,19.9,1011.9
45037,2015,4,20,12,1,57,88,20.5,1010.7
45038,2015,4,20,13,1,170,90,21,1009.4
45039,2015,4,20,14,1,NA,129,21.7,1008.7
45040,2015,4,20,15,1,NA,133,22.1,1007.7
45041,2015,4,20,16,1,NA,NA,21.8,1007
45042,2015,4,20,17,1,NA,125,21.1,1006.5
45043,2015,4,20,18,1,NA,139,20.2,1006.5
45044,2015,4,20,19,1,NA,139,19,1006.6
45045,2015,4,20,20,1,NA,141,18.4,1007.4
45046,2015,4,20,21,1,NA,122,17.8,1008.1
45047,2015,4,20,22,1,NA,103,17.5,1007.8
45048,2015,4,20,23,1,NA,88,17.2,1007.3
45049,2015,4,21,0,1,NA,68,16.5,1007.1
45050,2015,4,21,1,1,NA,70,16.3,1006.8
45051,2015,4,21,2,1,NA,66,15.5,1006.3
45052,2015,4,21,3,1,NA,60,14.3,1005.9
45053,2015,4,21,4,1,NA,NA,12.8,1005.7
45054,2015,4,21,5,1,NA,4,10.5,1005.1
45055,2015,4,21,6,1,NA,2,11,1005.4
45056,2015,4,21,7,1,NA,4,12.6,1006
45057,2015,4,21,8,1,NA,9,15.5,1006
45058,2015,4,21,9,1,NA,17,18.4,1005.9
45059,2015,4,21,10,1,120,31,20.9,1005.5
45060,2015,4,21,11,1,116,60,22.8,1004.6
45061,2015,4,21,12,1,94,98,24.7,1003.4
45062,2015,4,21,13,1,62,134,26.5,1002.3
45063,2015,4,21,14,1,36,123,25.7,1002
45064,2015,4,21,15,1,26,95,24.5,1002.8
45065,2015,4,21,16,1,24,83,25.3,1002.5
45066,2015,4,21,17,1,49,112,25.3,1003.8
45067,2015,4,21,18,1,15,108,24.2,1005.2
45068,2015,4,21,19,1,11,101,22.6,1007
45069,2015,4,21,20,1,40,92,21.1,1008.6
45070,2015,4,21,21,1,22,75,19.9,1010.3
45071,2015,4,21,22,1,12,71,15.7,1011.6
45072,2015,4,21,23,1,12,61,13.6,1012.6
45073,2015,4,22,0,1,20,10,12,1013.6
45074,2015,4,22,1,1,20,6,13.6,1013.8
45075,2015,4,22,2,1,34,6,13.3,1013.9
45076,2015,4,22,3,1,52,10,10.5,1014
45077,2015,4,22,4,1,60,10,9.1,1014.4
45078,2015,4,22,5,1,56,3,8.5,1014.4
45079,2015,4,22,6,1,63,2,8.2,1014.9
45080,2015,4,22,7,1,61,3,12.6,1015.2
45081,2015,4,22,8,1,61,8,15.8,1015.6
45082,2015,4,22,9,1,63,12,18.4,1015.5
45083,2015,4,22,10,1,91,27,21.4,1015.3
45084,2015,4,22,11,1,36,85,23.1,1014.4
45085,2015,4,22,12,1,29,116,23.9,1013.3
45086,2015,4,22,13,1,27,130,24.8,1012.4
45087,2015,4,22,14,1,36,139,24.8,1011.4
45088,2015,4,22,15,1,34,143,25.2,1010.6
45089,2015,4,22,16,1,44,150,25,1010.1
45090,2015,4,22,17,1,38,148,24.8,1009.6
45091,2015,4,22,18,1,188,142,23.7,1009.2
45092,2015,4,22,19,1,52,143,22.8,1009.1
45093,2015,4,22,20,1,43,113,22.4,1009.7
45094,2015,4,22,21,1,42,87,21.9,1010
45095,2015,4,22,22,1,42,88,21.3,1009.8
45096,2015,4,22,23,1,44,80,20.5,1009.3
45097,2015,4,23,0,1,50,70,19.8,1009.1
45098,2015,4,23,1,1,50,60,18.4,1008.8
45099,2015,4,23,2,1,57,32,16.4,1008.4
45100,2015,4,23,3,1,64,8,13.9,1007.9
45101,2015,4,23,4,1,66,NA,13,1007.5
45102,2015,4,23,5,1,61,2,12.6,1007.7
45103,2015,4,23,6,1,74,2,13.4,1008.8
45104,2015,4,23,7,1,74,5,14.2,1008.6
45105,2015,4,23,8,1,91,11,15.3,1010
45106,2015,4,23,9,1,99,32,18.6,1010.2
45107,2015,4,23,10,1,88,48,19.7,1009.8
45108,2015,4,23,11,1,84,41,20.5,1009.9
45109,2015,4,23,12,1,81,50,21.4,1009.7
45110,2015,4,23,13,1,80,68,24.2,1009.2
45111,2015,4,23,14,1,NA,100,26.6,1009.3
45112,2015,4,23,15,1,NA,112,27.2,1009
45113,2015,4,23,16,1,NA,124,28.5,1009.1
45114,2015,4,23,17,1,16,105,27.8,1010
45115,2015,4,23,18,1,20,100,26.8,1010.8
45116,2015,4,23,19,1,16,95,25.3,1012.1
45117,2015,4,23,20,1,13,88,23.8,1013.8
45118,2015,4,23,21,1,18,78,20.8,1015.7
45119,2015,4,23,22,1,16,55,16.6,1017.2
45120,2015,4,23,23,1,20,28,16.3,1017.8
45121,2015,4,24,0,1,20,30,15.2,1018.7
45122,2015,4,24,1,1,45,3,13,1018.8
45123,2015,4,24,2,1,86,2,11.5,1018.8
45124,2015,4,24,3,1,85,2,10.5,1018.7
45125,2015,4,24,4,1,79,2,9.7,1018.9
45126,2015,4,24,5,1,67,2,8.9,1019
45127,2015,4,24,6,1,81,5,8.9,1019.2
45128,2015,4,24,7,1,78,10,13.2,1019.5
45129,2015,4,24,8,1,63,28,18.2,1019.6
45130,2015,4,24,9,1,51,63,19.6,1019.4
45131,2015,4,24,10,1,109,91,21.4,1018.8
45132,2015,4,24,11,1,48,105,22.7,1018
45133,2015,4,24,12,1,35,122,23.9,1016.9
45134,2015,4,24,13,1,38,136,24.9,1015.7
45135,2015,4,24,14,1,101,148,25.6,1014.6
45136,2015,4,24,15,1,NA,150,26,1013.5
45137,2015,4,24,16,1,NA,146,26,1012.7
45138,2015,4,24,17,1,NA,144,25.5,1012.1
45139,2015,4,24,18,1,41,145,24.6,1011.8
45140,2015,4,24,19,1,75,140,23.5,1011.9
45141,2015,4,24,20,1,85,130,22.5,1012.3
45142,2015,4,24,21,1,79,114,21.5,1012.9
45143,2015,4,24,22,1,55,86,20.8,1012.9
45144,2015,4,24,23,1,60,60,19.6,1013
45145,2015,4,25,0,1,67,24,16.6,1013.3
45146,2015,4,25,1,1,71,4,14.1,1013
45147,2015,4,25,2,1,96,2,13.2,1012.8
45148,2015,4,25,3,1,96,2,11.9,1012.5
45149,2015,4,25,4,1,75,NA,11.1,1012.6
45150,2015,4,25,5,1,72,2,10.2,1012.6
45151,2015,4,25,6,1,70,4,10.3,1012.6
45152,2015,4,25,7,1,78,6,15.2,1012.6
45153,2015,4,25,8,1,61,45,18.1,1012.9
45154,2015,4,25,9,1,62,63,21.4,1012.7
45155,2015,4,25,10,1,68,85,23.4,1012.6
45156,2015,4,25,11,1,66,103,25.4,1011.7
45157,2015,4,25,12,1,72,119,27.4,1010.8
45158,2015,4,25,13,1,106,136,29.5,1009.7
45159,2015,4,25,14,1,95,188,30.8,1008.6
45160,2015,4,25,15,1,64,193,31.9,1007.3
45161,2015,4,25,16,1,45,184,31.2,1006.5
45162,2015,4,25,17,1,44,180,30.8,1006
45163,2015,4,25,18,1,57,182,29.9,1005.9
45164,2015,4,25,19,1,56,186,28.7,1006.1
45165,2015,4,25,20,1,69,188,27.6,1006.6
45166,2015,4,25,21,1,85,191,26.9,1006.9
45167,2015,4,25,22,1,96,173,26.1,1006.8
45168,2015,4,25,23,1,102,133,25.2,1006.8
45169,2015,4,26,0,1,91,130,24,1006.7
45170,2015,4,26,1,1,88,113,22.9,1006.4
45171,2015,4,26,2,1,93,94,20.9,1006.1
45172,2015,4,26,3,1,99,83,20.4,1006.4
45173,2015,4,26,4,1,109,26,16.9,1006.3
45174,2015,4,26,5,1,104,2,15.4,1006.5
45175,2015,4,26,6,1,101,2,14.7,1007.1
45176,2015,4,26,7,1,108,10,17.7,1007.7
45177,2015,4,26,8,1,111,26,20.3,1008
45178,2015,4,26,9,1,124,34,22.7,1007.9
45179,2015,4,26,10,1,135,59,24.9,1007.7
45180,2015,4,26,11,1,134,96,27,1007.1
45181,2015,4,26,12,1,144,151,28.3,1006.2
45182,2015,4,26,13,1,144,222,29,1005.3
45183,2015,4,26,14,1,120,246,30.1,1004.4
45184,2015,4,26,15,1,108,255,31,1003.1
45185,2015,4,26,16,1,86,245,30.5,1002.4
45186,2015,4,26,17,1,82,238,30.1,1002
45187,2015,4,26,18,1,83,242,29.1,1002.1
45188,2015,4,26,19,1,74,223,28.2,1002.5
45189,2015,4,26,20,1,69,191,27.2,1003.1
45190,2015,4,26,21,1,58,148,26,1003.6
45191,2015,4,26,22,1,50,126,24.9,1003.8
45192,2015,4,26,23,1,46,112,24.1,1003.3
45193,2015,4,27,0,1,48,109,23,1003.2
45194,2015,4,27,1,1,46,106,22,1002.5
45195,2015,4,27,2,1,58,76,21.3,1002.3
45196,2015,4,27,3,1,66,72,20.8,1002.4
45197,2015,4,27,4,1,73,NA,20.3,1002
45198,2015,4,27,5,1,75,71,18.5,1002.1
45199,2015,4,27,6,1,84,51,17.2,1002.2
45200,2015,4,27,7,1,85,31,18.8,1002.5
45201,2015,4,27,8,1,94,28,20.6,1002.5
45202,2015,4,27,9,1,112,43,22,1002.8
45203,2015,4,27,10,1,116,84,22.9,1002.6
45204,2015,4,27,11,1,118,106,25.1,1001.8
45205,2015,4,27,12,1,120,150,26,1000.9
45206,2015,4,27,13,1,122,193,26.5,1000
45207,2015,4,27,14,1,NA,NA,26.5,999.2
45208,2015,4,27,15,1,NA,230,26.7,998
45209,2015,4,27,16,1,102,219,27.5,996.7
45210,2015,4,27,17,1,97,215,27,998.3
45211,2015,4,27,18,1,93,146,21.5,999.5
45212,2015,4,27,19,1,32,76,21.5,998.6
45213,2015,4,27,20,1,60,58,20.3,999.5
45214,2015,4,27,21,1,65,76,19.5,1000.6
45215,2015,4,27,22,1,46,96,18,1001.3
45216,2015,4,27,23,1,42,79,17.3,1001.5
45217,2015,4,28,0,1,46,54,17,1002
45218,2015,4,28,1,1,42,64,17.3,1002.3
45219,2015,4,28,2,1,30,89,17,1002.1
45220,2015,4,28,3,1,25,83,17.1,1002.5
45221,2015,4,28,4,1,40,70,17,1003.1
45222,2015,4,28,5,1,34,60,16.7,1003.8
45223,2015,4,28,6,1,39,53,17.2,1004.7
45224,2015,4,28,7,1,42,39,17.5,1005.9
45225,2015,4,28,8,1,44,45,18.8,1006.6
45226,2015,4,28,9,1,44,44,19.8,1007.4
45227,2015,4,28,10,1,43,76,21.6,1008.1
45228,2015,4,28,11,1,37,115,22.1,1008.3
45229,2015,4,28,12,1,39,115,21.1,1008.4
45230,2015,4,28,13,1,38,118,22.9,1008.3
45231,2015,4,28,14,1,44,137,23.4,1008
45232,2015,4,28,15,1,46,145,24.2,1007.5
45233,2015,4,28,16,1,49,157,24.5,1006.8
45234,2015,4,28,17,1,50,159,24.6,1006.8
45235,2015,4,28,18,1,47,160,24.2,1006.8
45236,2015,4,28,19,1,48,147,23,1007.6
45237,2015,4,28,20,1,48,122,21.4,1008.3
45238,2015,4,28,21,1,52,90,21.2,1009
45239,2015,4,28,22,1,60,76,20.4,1009.4
45240,2015,4,28,23,1,73,73,19.6,1010
45241,2015,4,29,0,1,103,55,18.5,1010.6
45242,2015,4,29,1,1,104,47,17.7,1010.6
45243,2015,4,29,2,1,117,21,16.6,1010.6
45244,2015,4,29,3,1,119,13,15.3,1010.6
45245,2015,4,29,4,1,119,NA,14.6,1010.3
45246,2015,4,29,5,1,118,2,14.6,1010.3
45247,2015,4,29,6,1,116,2,13.9,1010.7
45248,2015,4,29,7,1,122,2,16.1,1011
45249,2015,4,29,8,1,124,9,18.3,1011.2
45250,2015,4,29,9,1,128,31,19.8,1011
45251,2015,4,29,10,1,140,47,21.2,1010.7
45252,2015,4,29,11,1,143,96,22.5,1010.4
45253,2015,4,29,12,1,135,142,24.1,1009.3
45254,2015,4,29,13,1,127,179,25.2,1008.3
45255,2015,4,29,14,1,116,215,25.8,1007.4
45256,2015,4,29,15,1,112,218,26.6,1006.5
45257,2015,4,29,16,1,114,219,26.4,1005.9
45258,2015,4,29,17,1,122,219,26.2,1005.6
45259,2015,4,29,18,1,109,198,25.6,1005.5
45260,2015,4,29,19,1,131,191,24.6,1005.6
45261,2015,4,29,20,1,129,183,24,1006
45262,2015,4,29,21,1,119,159,23.7,1006.7
45263,2015,4,29,22,1,106,152,23.2,1006.6
45264,2015,4,29,23,1,102,139,22.6,1006.6
45265,2015,4,30,0,1,97,128,21.7,1006.8
45266,2015,4,30,1,1,94,123,21.5,1006.8
45267,2015,4,30,2,1,102,99,20.5,1006.8
45268,2015,4,30,3,1,113,84,19.1,1007.1
45269,2015,4,30,4,1,113,60,18.5,1007.3
45270,2015,4,30,5,1,114,44,16.9,1007.2
45271,2015,4,30,6,1,122,40,16.7,1007.7
45272,2015,4,30,7,1,118,26,18.6,1008
45273,2015,4,30,8,1,155,16,20.2,1008.5
45274,2015,4,30,9,1,164,27,21.4,1008.5
45275,2015,4,30,10,1,158,53,23.2,1008.6
45276,2015,4,30,11,1,166,90,24.6,1008.3
45277,2015,4,30,12,1,165,164,26.4,1007.4
45278,2015,4,30,13,1,117,216,27.6,1006.8
45279,2015,4,30,14,1,83,196,28.3,1005.8
45280,2015,4,30,15,1,74,228,28.9,1004.7
45281,2015,4,30,16,1,71,232,29.3,1004.2
45282,2015,4,30,17,1,67,230,29.2,1003.7
45283,2015,4,30,18,1,65,210,28.7,1003.7
45284,2015,4,30,19,1,61,194,27.7,1003.9
45285,2015,4,30,20,1,72,160,26.9,1004.6
45286,2015,4,30,21,1,79,158,24.8,1005.4
45287,2015,4,30,22,1,131,141,23.7,1005.3
45288,2015,4,30,23,1,180,123,22.4,1005.5
45289,2015,5,1,0,1,182,95,21.4,1005.8
45290,2015,5,1,1,1,187,73,20.6,1005.6
45291,2015,5,1,2,1,252,46,19.8,1004.8
45292,2015,5,1,3,1,261,32,18.5,1004.6
45293,2015,5,1,4,1,237,NA,18.6,1004.3
45294,2015,5,1,5,1,207,32,17.9,1004
45295,2015,5,1,6,1,182,16,17.9,1004.4
45296,2015,5,1,7,1,170,10,18.3,1004.6
45297,2015,5,1,8,1,178,22,19.3,1004.7
45298,2015,5,1,9,1,188,36,21.2,1004.6
45299,2015,5,1,10,1,192,55,22.8,1004.7
45300,2015,5,1,11,1,198,94,24.8,1004.1
45301,2015,5,1,12,1,191,115,25.2,1003.5
45302,2015,5,1,13,1,181,100,21.4,1004.2
45303,2015,5,1,14,1,71,83,19,1005.2
45304,2015,5,1,15,1,46,73,17.5,1005.3
45305,2015,5,1,16,1,42,68,16.9,1005.7
45306,2015,5,1,17,1,32,66,14.5,1005.7
45307,2015,5,1,18,1,25,70,14.8,1006.1
45308,2015,5,1,19,1,27,57,14.6,1006.9
45309,2015,5,1,20,1,32,47,14.4,1006.8
45310,2015,5,1,21,1,38,42,14.7,1007.5
45311,2015,5,1,22,1,33,52,14.6,1007.3
45312,2015,5,1,23,1,27,48,14.9,1007.3
45313,2015,5,2,0,1,34,22,14.3,1007.1
45314,2015,5,2,1,1,36,31,14.6,1006.7
45315,2015,5,2,2,1,35,16,14.5,1006.5
45316,2015,5,2,3,1,42,14,14.5,1006.4
45317,2015,5,2,4,1,35,44,14.1,1006.3
45318,2015,5,2,5,1,34,34,13.6,1006.2
45319,2015,5,2,6,1,35,29,13.5,1006.8
45320,2015,5,2,7,1,34,28,14.7,1007.1
45321,2015,5,2,8,1,41,25,16.5,1007.7
45322,2015,5,2,9,1,44,32,18.3,1007.7
45323,2015,5,2,10,1,46,58,19.6,1007.9
45324,2015,5,2,11,1,48,77,20.7,1007.3
45325,2015,5,2,12,1,54,96,22.4,1006.7
45326,2015,5,2,13,1,54,120,22.6,1005.9
45327,2015,5,2,14,1,47,151,23.9,1005.1
45328,2015,5,2,15,1,44,171,24,1004.2
45329,2015,5,2,16,1,42,177,24,1003.7
45330,2015,5,2,17,1,40,178,23.7,1004.1
45331,2015,5,2,18,1,42,166,22.7,1003.4
45332,2015,5,2,19,1,46,146,22.2,1004.4
45333,2015,5,2,20,1,56,134,21.4,1003.6
45334,2015,5,2,21,1,48,117,20.6,1004.9
45335,2015,5,2,22,1,56,83,21,1005.4
45336,2015,5,2,23,1,64,57,19.8,1005.4
45337,2015,5,3,0,1,89,32,18.7,1005.5
45338,2015,5,3,1,1,111,34,18.2,1006.1
45339,2015,5,3,2,1,118,32,17,1006.4
45340,2015,5,3,3,1,129,35,16.3,1006.9
45341,2015,5,3,4,1,117,NA,15.5,1007.2
45342,2015,5,3,5,1,78,82,18.8,1007.4
45343,2015,5,3,6,1,84,80,18.5,1008.6
45344,2015,5,3,7,1,69,83,18.2,1009.4
45345,2015,5,3,8,1,41,86,18.8,1009.9
45346,2015,5,3,9,1,25,91,19.6,1010.4
45347,2015,5,3,10,1,19,94,20.4,1010.6
45348,2015,5,3,11,1,20,98,21.1,1010.7
45349,2015,5,3,12,1,13,106,21.9,1010.2
45350,2015,5,3,13,1,9,116,22.5,1010.1
45351,2015,5,3,14,1,13,122,23.1,1009.7
45352,2015,5,3,15,1,14,121,22.5,1009.1
45353,2015,5,3,16,1,14,121,22.4,1009.6
45354,2015,5,3,17,1,14,120,21.9,1009.6
45355,2015,5,3,18,1,13,114,21.3,1009.9
45356,2015,5,3,19,1,9,111,20.2,1010.4
45357,2015,5,3,20,1,8,104,19.1,1011.2
45358,2015,5,3,21,1,8,90,17.9,1012.1
45359,2015,5,3,22,1,8,78,17.7,1012.9
45360,2015,5,3,23,1,7,74,15.9,1013.1
45361,2015,5,4,0,1,12,64,13.3,1013.7
45362,2015,5,4,1,1,22,78,15.7,1013.9
45363,2015,5,4,2,1,12,79,15.7,1014.1
45364,2015,5,4,3,1,12,81,15.3,1014.6
45365,2015,5,4,4,1,11,88,14.7,1014.5
45366,2015,5,4,5,1,6,84,14,1014.7
45367,2015,5,4,6,1,8,80,13.5,1015.4
45368,2015,5,4,7,1,10,61,15.2,1015.5
45369,2015,5,4,8,1,11,70,15.8,1015.2
45370,2015,5,4,9,1,7,80,17.6,1014.6
45371,2015,5,4,10,1,11,78,18.6,1014.3
45372,2015,5,4,11,1,12,82,20.2,1013
45373,2015,5,4,12,1,10,95,21.2,1011.6
45374,2015,5,4,13,1,14,105,21.7,1010.3
45375,2015,5,4,14,1,14,116,22.7,1009.1
45376,2015,5,4,15,1,14,114,22.9,1008
45377,2015,5,4,16,1,22,117,22.6,1006.8
45378,2015,5,4,17,1,38,124,22.6,1006.2
45379,2015,5,4,18,1,31,124,22,1005.2
45380,2015,5,4,19,1,41,142,21.3,1004.9
45381,2015,5,4,20,1,54,155,20.4,1005.1
45382,2015,5,4,21,1,57,127,19.6,1005.2
45383,2015,5,4,22,1,51,118,19.2,1004.7
45384,2015,5,4,23,1,47,111,18.5,1004.2
45385,2015,5,5,0,1,48,98,18.6,1003
45386,2015,5,5,1,1,45,90,18.3,1002.1
45387,2015,5,5,2,1,47,77,17.5,1001.3
45388,2015,5,5,3,1,51,68,16.4,1000.6
45389,2015,5,5,4,1,50,NA,14,1000
45390,2015,5,5,5,1,58,12,11.9,1001
45391,2015,5,5,6,1,71,9,13.1,1001.8
45392,2015,5,5,7,1,76,28,13.7,1002.3
45393,2015,5,5,8,1,71,58,16,1001.4
45394,2015,5,5,9,1,137,63,18.9,1001
45395,2015,5,5,10,1,96,71,20.8,1000.8
45396,2015,5,5,11,1,74,86,21.8,1000.8
45397,2015,5,5,12,1,72,96,23.3,1000.3
45398,2015,5,5,13,1,63,113,25,999.9
45399,2015,5,5,14,1,54,155,25.8,999.4
45400,2015,5,5,15,1,54,118,26.8,998.8
45401,2015,5,5,16,1,29,131,27.5,998.5
45402,2015,5,5,17,1,18,125,26.7,998.9
45403,2015,5,5,18,1,16,119,25.6,999.3
45404,2015,5,5,19,1,16,109,24.5,1000.1
45405,2015,5,5,20,1,12,88,22.8,1001.5
45406,2015,5,5,21,1,31,55,21.6,1002.6
45407,2015,5,5,22,1,17,60,20.6,1003.5
45408,2015,5,5,23,1,14,75,20.2,1004.4
45409,2015,5,6,0,1,10,80,19,1005
45410,2015,5,6,1,1,9,86,18.6,1005.6
45411,2015,5,6,2,1,8,86,16.3,1006.1
45412,2015,5,6,3,1,22,90,16.1,1006.6
45413,2015,5,6,4,1,15,89,15.3,1007.2
45414,2015,5,6,5,1,18,77,14.1,1007.5
45415,2015,5,6,6,1,16,72,13.7,1007.7
45416,2015,5,6,7,1,14,63,15.4,1007.9
45417,2015,5,6,8,1,13,65,17.2,1008.1
45418,2015,5,6,9,1,10,76,18.5,1008.3
45419,2015,5,6,10,1,12,97,19.5,1008.5
45420,2015,5,6,11,1,10,98,19.9,1008.1
45421,2015,5,6,12,1,8,99,21,1007.9
45422,2015,5,6,13,1,16,113,20.9,1007.1
45423,2015,5,6,14,1,16,120,21,1007.1
45424,2015,5,6,15,1,17,119,21.1,1006.7
45425,2015,5,6,16,1,20,113,21,1006.4
45426,2015,5,6,17,1,34,91,19.7,1006.9
45427,2015,5,6,18,1,36,85,19.2,1006.2
45428,2015,5,6,19,1,29,76,18.3,1006.1
45429,2015,5,6,20,1,28,62,17.6,1007.2
45430,2015,5,6,21,1,30,48,17,1008.3
45431,2015,5,6,22,1,34,47,16.4,1008.3
45432,2015,5,6,23,1,35,36,16.3,1008.2
45433,2015,5,7,0,1,37,45,16.4,1007.8
45434,2015,5,7,1,1,38,55,14.6,1007.1
45435,2015,5,7,2,1,41,46,14.7,1006.9
45436,2015,5,7,3,1,36,73,13.7,1006.8
45437,2015,5,7,4,1,25,NA,12.4,1006.8
45438,2015,5,7,5,1,29,77,10.4,1006.6
45439,2015,5,7,6,1,31,64,10.1,1007
45440,2015,5,7,7,1,33,46,14,1007.6
45441,2015,5,7,8,1,40,40,15.4,1008
45442,2015,5,7,9,1,45,46,17,1007.8
45443,2015,5,7,10,1,50,56,18.9,1007.6
45444,2015,5,7,11,1,47,74,21,1007.2
45445,2015,5,7,12,1,47,85,22.4,1006.5
45446,2015,5,7,13,1,41,100,23.4,1005.7
45447,2015,5,7,14,1,45,113,23.9,1005.3
45448,2015,5,7,15,1,50,139,24.1,1004.9
45449,2015,5,7,16,1,46,156,23.8,1004.4
45450,2015,5,7,17,1,40,146,23.3,1004.8
45451,2015,5,7,18,1,41,135,22.6,1005.2
45452,2015,5,7,19,1,46,138,21.9,1005.6
45453,2015,5,7,20,1,49,136,21.7,1006.6
45454,2015,5,7,21,1,56,120,20.8,1007.2
45455,2015,5,7,22,1,56,106,19.9,1007.6
45456,2015,5,7,23,1,18,82,18.5,1007.7
45457,2015,5,8,0,1,11,79,15.9,1007.3
45458,2015,5,8,1,1,13,54,14.8,1006.4
45459,2015,5,8,2,1,15,44,14.4,1006.2
45460,2015,5,8,3,1,16,56,13.2,1006
45461,2015,5,8,4,1,15,56,13.2,1005.4
45462,2015,5,8,5,1,17,31,12.1,1004.8
45463,2015,5,8,6,1,21,18,12.3,1004.5
45464,2015,5,8,7,1,22,27,14.9,1004.7
45465,2015,5,8,8,1,32,21,16.5,1005.1
45466,2015,5,8,9,1,32,32,17.4,1005.4
45467,2015,5,8,10,1,55,51,18.8,1005.8
45468,2015,5,8,11,1,71,79,20.6,1005.3
45469,2015,5,8,12,1,71,104,20.8,1004.5
45470,2015,5,8,13,1,65,115,21.8,1003.9
45471,2015,5,8,14,1,55,122,22.3,1003.2
45472,2015,5,8,15,1,32,129,23,1002.8
45473,2015,5,8,16,1,33,132,23.7,1002.6
45474,2015,5,8,17,1,29,128,23.3,1003.2
45475,2015,5,8,18,1,54,134,21.3,1004.2
45476,2015,5,8,19,1,89,128,20.1,1005.7
45477,2015,5,8,20,1,80,100,19.2,1007.1
45478,2015,5,8,21,1,76,92,18.4,1008.6
45479,2015,5,8,22,1,94,74,17.2,1009.7
45480,2015,5,8,23,1,111,72,15.7,1010.7
45481,2015,5,9,0,1,86,67,14.8,1011.5
45482,2015,5,9,1,1,70,49,13.8,1012.3
45483,2015,5,9,2,1,56,43,13.5,1012.8
45484,2015,5,9,3,1,46,45,13.3,1013
45485,2015,5,9,4,1,37,NA,12.9,1013.1
45486,2015,5,9,5,1,32,52,12.6,1012.8
45487,2015,5,9,6,1,37,44,12.6,1013.1
45488,2015,5,9,7,1,152,34,12.8,1013.1
45489,2015,5,9,8,1,38,31,13.1,1013.6
45490,2015,5,9,9,1,36,34,13.3,1013.8
45491,2015,5,9,10,1,37,36,13.8,1014.2
45492,2015,5,9,11,1,36,46,14.1,1014.3
45493,2015,5,9,12,1,31,51,13.9,1014.4
45494,2015,5,9,13,1,23,68,12.1,1014.4
45495,2015,5,9,14,1,40,70,12.8,1014
45496,2015,5,9,15,1,51,64,12.9,1014
45497,2015,5,9,16,1,33,55,12.9,1013.7
45498,2015,5,9,17,1,27,68,13.2,1013.3
45499,2015,5,9,18,1,22,73,13.2,1013.3
45500,2015,5,9,19,1,26,64,12.6,1012.9
45501,2015,5,9,20,1,29,49,11.9,1013.3
45502,2015,5,9,21,1,27,43,11.6,1013.8
45503,2015,5,9,22,1,34,44,12.1,1013.7
45504,2015,5,9,23,1,35,36,12.1,1013.7
45505,2015,5,10,0,1,35,24,11.9,1013.2
45506,2015,5,10,1,1,37,16,12.4,1012.7
45507,2015,5,10,2,1,33,35,12.2,1012.7
45508,2015,5,10,3,1,32,41,12.1,1012.2
45509,2015,5,10,4,1,31,42,12.2,1012.1
45510,2015,5,10,5,1,35,23,11.9,1011.4
45511,2015,5,10,6,1,45,3,12,1011.8
45512,2015,5,10,7,1,53,4,12.1,1012
45513,2015,5,10,8,1,50,11,12,1012.2
45514,2015,5,10,9,1,41,35,11.6,1012.5
45515,2015,5,10,10,1,42,52,9,1012.2
45516,2015,5,10,11,1,39,44,8.2,1012.1
45517,2015,5,10,12,1,43,31,8.6,1011.8
45518,2015,5,10,13,1,41,24,8.6,1011.4
45519,2015,5,10,14,1,43,33,8.9,1011.7
45520,2015,5,10,15,1,42,28,8.9,1011
45521,2015,5,10,16,1,38,37,8.8,1009.7
45522,2015,5,10,17,1,30,42,9,1010
45523,2015,5,10,18,1,34,40,8.8,1009.6
45524,2015,5,10,19,1,31,35,9,1009.7
45525,2015,5,10,20,1,39,27,9.1,1009.9
45526,2015,5,10,21,1,35,22,9.2,1010.2
45527,2015,5,10,22,1,37,24,9.7,1011
45528,2015,5,10,23,1,35,21,9.8,1010.2
45529,2015,5,11,0,1,42,18,9.9,1009.4
45530,2015,5,11,1,1,43,10,9.3,1009.2
45531,2015,5,11,2,1,41,6,9.2,1008.4
45532,2015,5,11,3,1,33,2,9.7,1008
45533,2015,5,11,4,1,42,NA,9.7,1008
45534,2015,5,11,5,1,33,16,9.1,1007.2
45535,2015,5,11,6,1,35,12,9.3,1006.9
45536,2015,5,11,7,1,33,12,10.2,1007
45537,2015,5,11,8,1,37,18,10.8,1006.3
45538,2015,5,11,9,1,41,22,12,1005.7
45539,2015,5,11,10,1,38,29,13.1,1005.5
45540,2015,5,11,11,1,36,44,15.2,1004.4
45541,2015,5,11,12,1,28,68,17,1002.7
45542,2015,5,11,13,1,25,87,18.1,1001.6
45543,2015,5,11,14,1,21,100,17.9,1000.8
45544,2015,5,11,15,1,8,110,18.5,999.3
45545,2015,5,11,16,1,11,104,17.9,998.6
45546,2015,5,11,17,1,9,103,17.5,998.4
45547,2015,5,11,18,1,8,100,17.6,998
45548,2015,5,11,19,1,9,85,16.3,998.1
45549,2015,5,11,20,1,14,76,15.9,998
45550,2015,5,11,21,1,11,69,15.2,997.9
45551,2015,5,11,22,1,10,61,15.5,997.1
45552,2015,5,11,23,1,14,37,14.7,996.4
45553,2015,5,12,0,1,10,72,14.9,995.7
45554,2015,5,12,1,1,3,105,14.9,994.8
45555,2015,5,12,2,1,6,100,14.3,993.9
45556,2015,5,12,3,1,3,84,13.6,993.1
45557,2015,5,12,4,1,6,86,12.8,992.5
45558,2015,5,12,5,1,8,66,10.9,991.8
45559,2015,5,12,6,1,12,53,11.4,992.1
45560,2015,5,12,7,1,11,40,12.5,992.3
45561,2015,5,12,8,1,13,53,15.7,992.6
45562,2015,5,12,9,1,13,109,18.1,992.7
45563,2015,5,12,10,1,8,114,18.9,992.5
45564,2015,5,12,11,1,7,118,20.9,992
45565,2015,5,12,12,1,16,115,22.5,991.3
45566,2015,5,12,13,1,16,124,23.1,990.3
45567,2015,5,12,14,1,15,118,24.3,989.6
45568,2015,5,12,15,1,26,110,24.6,988.6
45569,2015,5,12,16,1,NA,NA,26.7,987.9
45570,2015,5,12,17,1,NA,88,27.4,987.8
45571,2015,5,12,18,1,24,89,26.6,987.8
45572,2015,5,12,19,1,33,40,24.2,988.1
45573,2015,5,12,20,1,46,NA,20.1,988.5
45574,2015,5,12,21,1,69,7,17.3,989.1
45575,2015,5,12,22,1,91,7,15.3,989.3
45576,2015,5,12,23,1,83,6,14.2,989.6
45577,2015,5,13,0,1,78,4,13.1,989.8
45578,2015,5,13,1,1,89,2,12.5,990.1
45579,2015,5,13,2,1,75,2,12.1,989.9
45580,2015,5,13,3,1,70,2,11.6,989.9
45581,2015,5,13,4,1,58,2,10.9,990
45582,2015,5,13,5,1,50,2,10.6,990.4
45583,2015,5,13,6,1,31,9,12.8,990.4
45584,2015,5,13,7,1,29,19,16.1,990.8
45585,2015,5,13,8,1,33,35,18.1,990.8
45586,2015,5,13,9,1,38,36,21,990.7
45587,2015,5,13,10,1,33,60,22.6,990.7
45588,2015,5,13,11,1,35,74,23.8,990.4
45589,2015,5,13,12,1,40,84,25.2,989.6
45590,2015,5,13,13,1,52,116,27.7,989
45591,2015,5,13,14,1,74,140,28.2,988.6
45592,2015,5,13,15,1,91,185,30,987.8
45593,2015,5,13,16,1,82,213,30.9,987.7
45594,2015,5,13,17,1,74,220,30.2,987.5
45595,2015,5,13,18,1,72,218,29.7,988.8
45596,2015,5,13,19,1,136,200,26,989.9
45597,2015,5,13,20,1,146,NA,24,991.7
45598,2015,5,13,21,1,88,92,27.7,992.8
45599,2015,5,13,22,1,42,101,26.7,994.9
45600,2015,5,13,23,1,94,79,24.3,996.3
45601,2015,5,14,0,1,68,75,22.6,997.5
45602,2015,5,14,1,1,51,74,21.3,998
45603,2015,5,14,2,1,33,85,21,998.4
45604,2015,5,14,3,1,11,96,20.3,999.1
45605,2015,5,14,4,1,17,70,19.7,999.6
45606,2015,5,14,5,1,13,77,19.5,1000.6
45607,2015,5,14,6,1,8,77,18.9,1001.8
45608,2015,5,14,7,1,13,72,19.8,1002.7
45609,2015,5,14,8,1,8,78,21,1003.9
45610,2015,5,14,9,1,6,91,21.2,1004.5
45611,2015,5,14,10,1,7,90,21.8,1004.9
45612,2015,5,14,11,1,9,106,22.2,1005.1
45613,2015,5,14,12,1,7,113,23,1005
45614,2015,5,14,13,1,11,117,23.8,1004
45615,2015,5,14,14,1,10,120,25,1003.1
45616,2015,5,14,15,1,13,130,25,1002.7
45617,2015,5,14,16,1,18,127,25.4,1002.2
45618,2015,5,14,17,1,14,125,25.1,1002.2
45619,2015,5,14,18,1,18,112,25.4,1002.5
45620,2015,5,14,19,1,20,81,24.1,1003
45621,2015,5,14,20,1,27,37,20.6,1004
45622,2015,5,14,21,1,38,54,20.6,1005.2
45623,2015,5,14,22,1,31,40,21.7,1006.9
45624,2015,5,14,23,1,33,36,21.1,1007.3
45625,2015,5,15,0,1,19,64,20.9,1007.9
45626,2015,5,15,1,1,15,51,19.4,1007.5
45627,2015,5,15,2,1,20,32,19.5,1008.2
45628,2015,5,15,3,1,15,46,18.9,1008.9
45629,2015,5,15,4,1,14,NA,19.2,1009.4
45630,2015,5,15,5,1,9,64,19.5,1010.2
45631,2015,5,15,6,1,12,74,19.1,1011.2
45632,2015,5,15,7,1,17,63,18,1012.6
45633,2015,5,15,8,1,19,65,18.3,1013.5
45634,2015,5,15,9,1,22,76,19.1,1013.7
45635,2015,5,15,10,1,19,86,21.3,1013.5
45636,2015,5,15,11,1,24,93,22.1,1012.8
45637,2015,5,15,12,1,21,100,23,1011.9
45638,2015,5,15,13,1,22,113,23.8,1010.9
45639,2015,5,15,14,1,30,121,24.3,1010.1
45640,2015,5,15,15,1,29,138,24.6,1009.2
45641,2015,5,15,16,1,30,140,24.4,1008.6
45642,2015,5,15,17,1,27,136,24.1,1008.1
45643,2015,5,15,18,1,20,114,23.7,1007.9
45644,2015,5,15,19,1,18,105,22.9,1008.2
45645,2015,5,15,20,1,24,106,22.1,1008.5
45646,2015,5,15,21,1,35,120,21.4,1009.1
45647,2015,5,15,22,1,50,129,21,1009.1
45648,2015,5,15,23,1,56,109,20,1009.3
45649,2015,5,16,0,1,60,65,18.8,1009.4
45650,2015,5,16,1,1,66,33,15.6,1009.1
45651,2015,5,16,2,1,57,37,13.7,1008.8
45652,2015,5,16,3,1,44,2,12.8,1008.7
45653,2015,5,16,4,1,40,2,11.3,1008.5
45654,2015,5,16,5,1,43,2,10.2,1008.8
45655,2015,5,16,6,1,53,5,12.9,1008.9
45656,2015,5,16,7,1,46,19,16.5,1009.1
45657,2015,5,16,8,1,54,47,18.8,1009.1
45658,2015,5,16,9,1,39,50,21.7,1008.5
45659,2015,5,16,10,1,31,64,24.3,1007.9
45660,2015,5,16,11,1,22,85,25.7,1006.9
45661,2015,5,16,12,1,27,110,27.4,1005.7
45662,2015,5,16,13,1,32,143,28.2,1004.5
45663,2015,5,16,14,1,22,154,28.6,1003.5
45664,2015,5,16,15,1,24,170,28.4,1002.1
45665,2015,5,16,16,1,56,214,28.3,1001.3
45666,2015,5,16,17,1,51,207,27.9,1000.9
45667,2015,5,16,18,1,51,194,27.4,1000.6
45668,2015,5,16,19,1,57,182,26.3,1000.5
45669,2015,5,16,20,1,71,201,25.1,1000.6
45670,2015,5,16,21,1,72,183,24.7,1000.9
45671,2015,5,16,22,1,70,169,24.2,1000.6
45672,2015,5,16,23,1,67,149,23.7,1000.1
45673,2015,5,17,0,1,72,135,22.8,999.7
45674,2015,5,17,1,1,76,125,22.6,999.1
45675,2015,5,17,2,1,81,128,21.8,998.5
45676,2015,5,17,3,1,91,129,20.9,997.8
45677,2015,5,17,4,1,102,NA,19.9,997.4
45678,2015,5,17,5,1,116,103,19.3,997
45679,2015,5,17,6,1,124,91,19.1,997
45680,2015,5,17,7,1,126,76,19.9,996.9
45681,2015,5,17,8,1,126,71,20.4,996.6
45682,2015,5,17,9,1,127,81,21.8,996.1
45683,2015,5,17,10,1,124,105,23.2,995.4
45684,2015,5,17,11,1,124,129,24.6,994.6
45685,2015,5,17,12,1,142,173,26,993.7
45686,2015,5,17,13,1,139,212,26,993.2
45687,2015,5,17,14,1,140,204,25.7,992.5
45688,2015,5,17,15,1,146,157,26.4,991.4
45689,2015,5,17,16,1,150,110,25,990.8
45690,2015,5,17,17,1,146,145,24.8,990.5
45691,2015,5,17,18,1,146,154,24.7,992
45692,2015,5,17,19,1,146,114,23.2,991.3
45693,2015,5,17,20,1,155,120,22.6,991.7
45694,2015,5,17,21,1,165,88,22.8,993.5
45695,2015,5,17,22,1,187,75,21.9,994.1
45696,2015,5,17,23,1,192,79,21.2,993.5
45697,2015,5,18,0,1,171,62,21,993.6
45698,2015,5,18,1,1,160,38,20.7,993.8
45699,2015,5,18,2,1,170,26,20.2,994.1
45700,2015,5,18,3,1,176,7,19.4,994.6
45701,2015,5,18,4,1,163,2,19.8,995
45702,2015,5,18,5,1,146,2,20.1,996
45703,2015,5,18,6,1,106,18,20.6,996.8
45704,2015,5,18,7,1,61,56,22.2,998.5
45705,2015,5,18,8,1,33,90,22.5,999.1
45706,2015,5,18,9,1,25,100,22.2,999.2
45707,2015,5,18,10,1,46,100,23.4,999.1
45708,2015,5,18,11,1,28,106,24.2,999.2
45709,2015,5,18,12,1,27,115,25.4,998.7
45710,2015,5,18,13,1,13,122,25.9,998
45711,2015,5,18,14,1,8,122,26.6,997.8
45712,2015,5,18,15,1,15,122,26.9,997.5
45713,2015,5,18,16,1,15,119,27,997.1
45714,2015,5,18,17,1,12,118,26.7,996.9
45715,2015,5,18,18,1,15,112,26.7,996.6
45716,2015,5,18,19,1,9,99,25.7,997
45717,2015,5,18,20,1,10,89,24.6,997.9
45718,2015,5,18,21,1,15,61,23,999.3
45719,2015,5,18,22,1,16,53,22.8,1000
45720,2015,5,18,23,1,30,64,22.2,1000.6
45721,2015,5,19,0,1,28,56,21.5,1001.4
45722,2015,5,19,1,1,28,49,21.4,1001.3
45723,2015,5,19,2,1,23,65,21.4,1001.2
45724,2015,5,19,3,1,10,81,20.9,1001.3
45725,2015,5,19,4,1,10,NA,19.3,1001.3
45726,2015,5,19,5,1,4,85,20,1001.5
45727,2015,5,19,6,1,6,85,20.4,1002.3
45728,2015,5,19,7,1,10,80,20.9,1002.5
45729,2015,5,19,8,1,8,88,21.3,1003
45730,2015,5,19,9,1,9,91,22.1,1002.9
45731,2015,5,19,10,1,6,93,23.1,1002.8
45732,2015,5,19,11,1,10,96,23.9,1003.1
45733,2015,5,19,12,1,53,99,24.7,1003.2
45734,2015,5,19,13,1,37,101,25.5,1002.8
45735,2015,5,19,14,1,10,103,25.6,1003
45736,2015,5,19,15,1,15,104,25.1,1003.4
45737,2015,5,19,16,1,NA,102,24.5,1004
45738,2015,5,19,17,1,8,101,24.6,1004.4
45739,2015,5,19,18,1,5,100,24.2,1004.9
45740,2015,5,19,19,1,7,95,23.6,1005.3
45741,2015,5,19,20,1,11,85,22.8,1006.2
45742,2015,5,19,21,1,10,77,20.6,1007.2
45743,2015,5,19,22,1,12,76,21.4,1008.2
45744,2015,5,19,23,1,11,67,21.3,1008.8
45745,2015,5,20,0,1,50,55,21.2,1009.5
45746,2015,5,20,1,1,18,44,20.9,1009.8
45747,2015,5,20,2,1,9,64,20.5,1010.1
45748,2015,5,20,3,1,43,74,19.9,1010.6
45749,2015,5,20,4,1,9,76,19.4,1011.2
45750,2015,5,20,5,1,15,74,18.9,1011.7
45751,2015,5,20,6,1,10,59,19.4,1012.3
45752,2015,5,20,7,1,10,55,20.4,1012.9
45753,2015,5,20,8,1,14,64,21.8,1013.6
45754,2015,5,20,9,1,11,76,23,1013.7
45755,2015,5,20,10,1,13,92,24.5,1013.7
45756,2015,5,20,11,1,18,104,25.7,1012.7
45757,2015,5,20,12,1,17,114,26.4,1012
45758,2015,5,20,13,1,20,122,27.3,1011.5
45759,2015,5,20,14,1,14,127,28.2,1010.4
45760,2015,5,20,15,1,55,131,28.8,1009.5
45761,2015,5,20,16,1,55,131,29,1008.6
45762,2015,5,20,17,1,21,130,29,1008.1
45763,2015,5,20,18,1,16,130,27.6,1008.2
45764,2015,5,20,19,1,19,126,26.4,1008.6
45765,2015,5,20,20,1,21,120,25.4,1008.9
45766,2015,5,20,21,1,100,119,24.7,1009.4
45767,2015,5,20,22,1,109,108,24.2,1009.5
45768,2015,5,20,23,1,51,95,23.8,1009.3
45769,2015,5,21,0,1,25,78,23.2,1009.5
45770,2015,5,21,1,1,28,56,22.4,1009.4
45771,2015,5,21,2,1,21,62,21,1009.1
45772,2015,5,21,3,1,30,15,17.5,1009.2
45773,2015,5,21,4,1,43,NA,15.7,1009.2
45774,2015,5,21,5,1,37,2,15.1,1009.1
45775,2015,5,21,6,1,62,34,16.4,1009.2
45776,2015,5,21,7,1,64,36,19.1,1009.4
45777,2015,5,21,8,1,65,47,20.9,1009.7
45778,2015,5,21,9,1,60,46,22.2,1009.5
45779,2015,5,21,10,1,29,57,24,1009.2
45780,2015,5,21,11,1,30,68,25.9,1008.6
45781,2015,5,21,12,1,44,118,27.5,1007.9
45782,2015,5,21,13,1,30,157,27.8,1007.2
45783,2015,5,21,14,1,44,154,27.9,1006.1
45784,2015,5,21,15,1,45,161,28.1,1005.3
45785,2015,5,21,16,1,42,166,27.7,1004.7
45786,2015,5,21,17,1,36,155,27.1,1004.5
45787,2015,5,21,18,1,81,148,26.2,1004.4
45788,2015,5,21,19,1,48,145,24.9,1004.7
45789,2015,5,21,20,1,49,132,23.9,1005
45790,2015,5,21,21,1,27,122,23,1005.6
45791,2015,5,21,22,1,29,111,22.3,1006.1
45792,2015,5,21,23,1,34,105,21.5,1006.3
45793,2015,5,22,0,1,33,105,20.6,1006.2
45794,2015,5,22,1,1,36,92,20,1006.5
45795,2015,5,22,2,1,32,85,19.2,1006.3
45796,2015,5,22,3,1,38,67,18.4,1006.2
45797,2015,5,22,4,1,61,36,16.7,1006
45798,2015,5,22,5,1,44,44,15.7,1006.5
45799,2015,5,22,6,1,44,4,15.9,1006.5
45800,2015,5,22,7,1,50,11,19.1,1007.2
45801,2015,5,22,8,1,61,19,19.8,1007.3
45802,2015,5,22,9,1,77,54,20.7,1007.4
45803,2015,5,22,10,1,80,75,22.5,1007.1
45804,2015,5,22,11,1,90,76,24.3,1006.7
45805,2015,5,22,12,1,93,96,25.4,1006.1
45806,2015,5,22,13,1,107,121,27.2,1005
45807,2015,5,22,14,1,98,201,28.2,1003.9
45808,2015,5,22,15,1,89,236,29.5,1003.2
45809,2015,5,22,16,1,71,242,29.4,1002.4
45810,2015,5,22,17,1,48,224,29.1,1002.1
45811,2015,5,22,18,1,49,216,28.3,1002.2
45812,2015,5,22,19,1,60,214,27.3,1002.5
45813,2015,5,22,20,1,51,194,26.5,1003.2
45814,2015,5,22,21,1,51,162,24.7,1003.7
45815,2015,5,22,22,1,60,114,22.5,1003.8
45816,2015,5,22,23,1,66,119,19.7,1004
45817,2015,5,23,0,1,76,86,19.5,1004.3
45818,2015,5,23,1,1,90,59,19.7,1004.1
45819,2015,5,23,2,1,92,64,18.6,1004.2
45820,2015,5,23,3,1,89,44,18.1,1004.4
45821,2015,5,23,4,1,89,NA,16.5,1004.7
45822,2015,5,23,5,1,98,2,15.9,1004.8
45823,2015,5,23,6,1,129,10,17.4,1005.2
45824,2015,5,23,7,1,142,23,19.2,1005.5
45825,2015,5,23,8,1,142,66,20.7,1005.6
45826,2015,5,23,9,1,140,92,22.8,1005.4
45827,2015,5,23,10,1,121,140,24.5,1005.1
45828,2015,5,23,11,1,139,179,26.6,1004.7
45829,2015,5,23,12,1,140,230,28.4,1003.9
45830,2015,5,23,13,1,127,270,29.8,1003.1
45831,2015,5,23,14,1,96,287,30.6,1002.4
45832,2015,5,23,15,1,87,273,30.5,1002
45833,2015,5,23,16,1,80,269,30.1,1001.5
45834,2015,5,23,17,1,72,252,30.4,1001.5
45835,2015,5,23,18,1,73,260,29.3,1001.8
45836,2015,5,23,19,1,75,229,28.5,1002.5
45837,2015,5,23,20,1,83,196,27.3,1002.8
45838,2015,5,23,21,1,94,170,24.3,1003.7
45839,2015,5,23,22,1,95,111,22.9,1003.5
45840,2015,5,23,23,1,104,92,23.1,1003.5
45841,2015,5,24,0,1,120,65,21.4,1003.6
45842,2015,5,24,1,1,123,64,20.5,1003.5
45843,2015,5,24,2,1,126,37,20.1,1003.3
45844,2015,5,24,3,1,129,51,19.4,1003
45845,2015,5,24,4,1,130,26,18.7,1003
45846,2015,5,24,5,1,154,2,18,1003.3
45847,2015,5,24,6,1,163,4,18.2,1003.9
45848,2015,5,24,7,1,181,12,20.4,1004
45849,2015,5,24,8,1,193,32,22.1,1004
45850,2015,5,24,9,1,202,62,23.6,1004
45851,2015,5,24,10,1,198,98,25.4,1003.7
45852,2015,5,24,11,1,197,149,27.8,1003.1
45853,2015,5,24,12,1,163,231,29.6,1002.4
45854,2015,5,24,13,1,90,273,30.9,1001.5
45855,2015,5,24,14,1,80,270,31.6,1000.5
45856,2015,5,24,15,1,73,258,31.2,1000.3
45857,2015,5,24,16,1,71,263,31.7,1000
45858,2015,5,24,17,1,68,248,31.3,999.7
45859,2015,5,24,18,1,70,247,30.9,999.8
45860,2015,5,24,19,1,72,246,29.7,1000.4
45861,2015,5,24,20,1,79,217,28.7,1000.8
45862,2015,5,24,21,1,99,168,28.1,1001.3
45863,2015,5,24,22,1,84,152,28.1,1000.9
45864,2015,5,24,23,1,77,166,27.5,1000.5
45865,2015,5,25,0,1,85,126,27.3,1000.5
45866,2015,5,25,1,1,81,126,26.2,1000.5
45867,2015,5,25,2,1,81,120,24,1000.7
45868,2015,5,25,3,1,90,97,21.2,1000.8
45869,2015,5,25,4,1,91,NA,20.2,1001.1
45870,2015,5,25,5,1,89,67,19.7,1001.7
45871,2015,5,25,6,1,96,36,20.1,1002
45872,2015,5,25,7,1,106,7,23,1002.3
45873,2015,5,25,8,1,131,31,24.5,1003.1
45874,2015,5,25,9,1,145,51,25.4,1003.1
45875,2015,5,25,10,1,136,103,27.2,1003
45876,2015,5,25,11,1,129,127,29.3,1002.4
45877,2015,5,25,12,1,127,182,30.9,1001.8
45878,2015,5,25,13,1,98,275,31.9,1000.9
45879,2015,5,25,14,1,101,288,32.6,1000.5
45880,2015,5,25,15,1,100,292,32.8,1000
45881,2015,5,25,16,1,101,304,33,999.7
45882,2015,5,25,17,1,112,312,32.3,999.5
45883,2015,5,25,18,1,114,306,31.4,999.6
45884,2015,5,25,19,1,93,254,30.7,1000.2
45885,2015,5,25,20,1,76,210,29.9,1000.6
45886,2015,5,25,21,1,76,210,29.2,1001.1
45887,2015,5,25,22,1,75,177,28.8,1001.5
45888,2015,5,25,23,1,69,161,28.4,1001.8
45889,2015,5,26,0,1,70,135,27.3,1001.9
45890,2015,5,26,1,1,70,128,26.7,1001.9
45891,2015,5,26,2,1,70,128,26,1001.9
45892,2015,5,26,3,1,75,137,25.1,1002
45893,2015,5,26,4,1,79,115,24.1,1002.1
45894,2015,5,26,5,1,89,88,21.2,1002.5
45895,2015,5,26,6,1,96,72,21.8,1002.9
45896,2015,5,26,7,1,105,64,24,1003.1
45897,2015,5,26,8,1,105,64,25.2,1003.3
45898,2015,5,26,9,1,101,87,26.3,1003.2
45899,2015,5,26,10,1,102,109,28.3,1002.9
45900,2015,5,26,11,1,108,191,30.3,1002.2
45901,2015,5,26,12,1,130,260,31.1,1001.4
45902,2015,5,26,13,1,99,280,32.3,1000.8
45903,2015,5,26,14,1,104,290,33.2,1000
45904,2015,5,26,15,1,82,265,33.4,999.4
45905,2015,5,26,16,1,72,249,32.9,999.1
45906,2015,5,26,17,1,66,234,32.6,998.9
45907,2015,5,26,18,1,62,224,31.7,999.1
45908,2015,5,26,19,1,63,207,30.5,999.6
45909,2015,5,26,20,1,63,207,29.6,999.7
45910,2015,5,26,21,1,63,290,28.8,1000.7
45911,2015,5,26,22,1,63,158,27.8,1001
45912,2015,5,26,23,1,62,148,26.8,1001.5
45913,2015,5,27,0,1,71,146,26,1001.5
45914,2015,5,27,1,1,73,136,25.4,1001.2
45915,2015,5,27,2,1,79,119,24.6,1000.9
45916,2015,5,27,3,1,88,112,23.8,1000.8
45917,2015,5,27,4,1,93,NA,23.5,1000.7
45918,2015,5,27,5,1,100,90,22.5,1000.6
45919,2015,5,27,6,1,98,88,22.2,1001.3
45920,2015,5,27,7,1,109,93,23.5,1001.5
45921,2015,5,27,8,1,116,104,23.9,1002.1
45922,2015,5,27,9,1,133,118,25.2,1002.5
45923,2015,5,27,10,1,145,290,26.6,1002.5
45924,2015,5,27,11,1,131,174,27.6,1002.2
45925,2015,5,27,12,1,102,225,28.9,1001.7
45926,2015,5,27,13,1,95,234,29.6,1000.8
45927,2015,5,27,14,1,83,241,30.5,999.9
45928,2015,5,27,15,1,77,243,31.1,999.4
45929,2015,5,27,16,1,114,242,30.9,998.7
45930,2015,5,27,17,1,124,236,30.8,998.4
45931,2015,5,27,18,1,100,239,30.4,998.2
45932,2015,5,27,19,1,82,234,29.2,998.4
45933,2015,5,27,20,1,78,222,28.4,999.2
45934,2015,5,27,21,1,84,204,27.1,999.9
45935,2015,5,27,22,1,88,178,26.4,1000.3
45936,2015,5,27,23,1,120,201,25.2,1000.3
45937,2015,5,28,0,1,130,188,24.6,1000.2
45938,2015,5,28,1,1,128,156,24.6,1000
45939,2015,5,28,2,1,121,139,24.5,999.7
45940,2015,5,28,3,1,125,127,24,999.2
45941,2015,5,28,4,1,124,121,23.5,999.1
45942,2015,5,28,5,1,126,112,22.6,999.3
45943,2015,5,28,6,1,133,101,21.8,999.7
45944,2015,5,28,7,1,136,99,22.9,999.9
45945,2015,5,28,8,1,148,92,23.6,999.9
45946,2015,5,28,9,1,160,101,25.2,1000.1
45947,2015,5,28,10,1,149,136,26.1,999.9
45948,2015,5,28,11,1,143,167,27.8,999.7
45949,2015,5,28,12,1,132,202,28.8,999.3
45950,2015,5,28,13,1,106,224,29.5,998.9
45951,2015,5,28,14,1,83,222,29.1,998.7
45952,2015,5,28,15,1,96,225,29.1,998.4
45953,2015,5,28,16,1,89,220,28.7,998.3
45954,2015,5,28,17,1,88,216,28.4,998.7
45955,2015,5,28,18,1,83,207,28.2,998.9
45956,2015,5,28,19,1,85,202,27.6,999.4
45957,2015,5,28,20,1,77,193,27.2,999.9
45958,2015,5,28,21,1,77,185,27.1,1000.2
45959,2015,5,28,22,1,79,162,26.8,1000.5
45960,2015,5,28,23,1,87,154,25.3,1000.8
45961,2015,5,29,0,1,89,131,25.1,1000.8
45962,2015,5,29,1,1,99,124,24.9,1000.8
45963,2015,5,29,2,1,108,80,23.3,1000.8
45964,2015,5,29,3,1,90,38,22.4,1000.3
45965,2015,5,29,4,1,90,NA,21.8,1001.2
45966,2015,5,29,5,1,90,19,20.9,1001.2
45967,2015,5,29,6,1,93,11,20.1,1001.1
45968,2015,5,29,7,1,101,12,20.5,1001.9
45969,2015,5,29,8,1,108,18,21,1002
45970,2015,5,29,9,1,104,13,21.9,1002.2
45971,2015,5,29,10,1,100,42,23.9,1002.2
45972,2015,5,29,11,1,93,76,25.7,1002.1
45973,2015,5,29,12,1,76,111,27.8,1001.5
45974,2015,5,29,13,1,48,146,28.7,1000.6
45975,2015,5,29,14,1,33,152,29.7,1000.3
45976,2015,5,29,15,1,34,137,29.8,999.9
45977,2015,5,29,16,1,3,195,29.4,999.4
45978,2015,5,29,17,1,3,180,28.9,999.2
45979,2015,5,29,18,1,38,169,28.1,999.6
45980,2015,5,29,19,1,32,149,27.1,1000.5
45981,2015,5,29,20,1,33,147,26.5,1001.4
45982,2015,5,29,21,1,37,131,25.7,1002.7
45983,2015,5,29,22,1,37,113,24.4,1003.2
45984,2015,5,29,23,1,46,94,23,1003.6
45985,2015,5,30,0,1,52,68,21.7,1003.6
45986,2015,5,30,1,1,88,20,21.2,1003.8
45987,2015,5,30,2,1,90,11,19.9,1003.6
45988,2015,5,30,3,1,86,8,18.5,1003.5
45989,2015,5,30,4,1,81,2,17.5,1003.7
45990,2015,5,30,5,1,80,12,16.9,1004.2
45991,2015,5,30,6,1,59,6,19.6,1004.8
45992,2015,5,30,7,1,52,36,22.1,1005.4
45993,2015,5,30,8,1,49,63,22.9,1005.7
45994,2015,5,30,9,1,35,72,24.6,1005.8
45995,2015,5,30,10,1,26,85,25.2,1005.5
45996,2015,5,30,11,1,49,120,26.1,1005.1
45997,2015,5,30,12,1,50,149,26.9,1004.2
45998,2015,5,30,13,1,58,193,28.3,1003.2
45999,2015,5,30,14,1,66,217,28.9,1002.1
46000,2015,5,30,15,1,75,248,29.8,1001.1
46001,2015,5,30,16,1,67,248,29.6,1000.3
46002,2015,5,30,17,1,63,246,29,1000.1
46003,2015,5,30,18,1,66,207,28.4,1000
46004,2015,5,30,19,1,80,200,27.5,1000
46005,2015,5,30,20,1,75,188,26.2,1000.6
46006,2015,5,30,21,1,57,150,25.4,1001.3
46007,2015,5,30,22,1,34,116,24.2,1001.4
46008,2015,5,30,23,1,42,98,23,1001.3
46009,2015,5,31,0,1,47,70,22.3,1000.9
46010,2015,5,31,1,1,45,26,20.8,1000.4
46011,2015,5,31,2,1,52,18,20.2,999.6
46012,2015,5,31,3,1,44,6,19.5,999.4
46013,2015,5,31,4,1,45,NA,18.5,999.2
46014,2015,5,31,5,1,36,6,17.6,999.4
46015,2015,5,31,6,1,40,8,18.5,999.3
46016,2015,5,31,7,1,44,21,21.1,999.6
46017,2015,5,31,8,1,57,38,22.7,999.3
46018,2015,5,31,9,1,67,54,24.7,998.7
46019,2015,5,31,10,1,70,91,26.5,998.3
46020,2015,5,31,11,1,71,148,27.7,997.6
46021,2015,5,31,12,1,65,186,28.9,996.9
46022,2015,5,31,13,1,66,207,30.1,996.1
46023,2015,5,31,14,1,50,225,31.5,994.5
46024,2015,5,31,15,1,52,230,32.2,993.7
46025,2015,5,31,16,1,67,244,32.6,992.9
46026,2015,5,31,17,1,75,256,32.4,992.7
46027,2015,5,31,18,1,73,256,31.8,993.2
46028,2015,5,31,19,1,64,254,31.6,993.4
46029,2015,5,31,20,1,62,225,30.7,994.2
46030,2015,5,31,21,1,64,194,30.6,994.8
46031,2015,5,31,22,1,51,174,30.4,994.7
46032,2015,5,31,23,1,58,156,29.6,994.8
