year,month,day,hour,season,PM2.5,PM10,SO2,CO,NO2,O3,TEMP,DEWP,HUMI,PRES,RAIN,WD,WSPM,Iws,blh
2019,9,1,0,4,15,57,3,0.421,23,105,24.7,13.9,51,1008.6,0,SW,1.5,15.4,126.3601841
2019,9,1,1,4,20,55,3.25,0.468,26,93,22,14.4,62,1008.7,0,SW,1.1,16.5,96.75289604
2019,9,1,2,4,21.5,54,3.5,0.4845,27,89.5,20.75,14.9,69.5,1008.6,0,SW,0.7,8.4,73.0291075
2019,9,1,3,4,23,53,3.75,0.501,28,86,19.5,15.4,77,1008.5,0,CV,0.3,0.3,49.30531895
2019,9,1,4,4,25,54,4,0.547,43,62,19.6,14.4,72,1008.5,0,NE,0.8,0.8,42.18818239
2019,9,1,5,4,27,72,2,0.586,96,13,19.2,14.7,75,1008.8,0,NE,0.7,1.5,34.78636036
2019,9,1,6,4,28,77,2.5,0.591,110,2,18.5,14.4,77,1009.2,0,CV,0.4,0.4,24.06320794
2019,9,1,7,4,25,70,3,0.549,92,1,19.8,14.8,73,1009.6,0,NE,1.2,1.2,42.85244847
2019,9,1,8,4,30,70,3,0.603,75,10,22.3,14.7,62,1010,0,NE,1.6,2.8,161.945867
2019,9,1,9,4,22,73,3,0.626,63,28,25.4,15.4,54,1010.2,0,SE,1.1,1.1,389.5993418
2019,9,1,10,4,27,66,2.5,0.62,43,63,27.3,14.7,46,1010.2,0,SE,0.8,1.9,659.8607409
2019,9,1,11,4,29,69,2,0.641,39,85,29.4,14.8,41,1009.9,0,SE,1.2,3.1,993.4172078
2019,9,1,12,4,31,74,2,0.659,34,116,31,12.8,33,1009.2,0,SW,2.1,2.1,1393.305387
2019,9,1,13,4,19,58,2,0.593,32,145,32.1,13.3,32,1008.4,0,SE,2.2,2.2,1720.219194
2019,9,1,14,4,20,19,2.2,0.384,12,151,32.9,10.3,25,1007.8,0,SW,3.2,3.2,1985.166464
2019,9,1,15,4,25,23,2.4,0.338,11,148,32.6,10.6,26,1007.5,0,SW,4.6,7.8,2088.697077
2019,9,1,16,4,24,46,2.6,0.363,11,166,33.2,12.8,29,1007.6,0,SW,1.6,9.4,2088.981763
2019,9,1,17,4,15,51,2.8,0.39,8,169,32.5,12.7,30,1008,0,SE,1.1,1.1,1776.966496
2019,9,1,18,4,20,54,3,0.408,10,183,29.7,12.6,35,1007.6,0,SW,1.5,1.5,396.4317929
2019,9,1,19,4,21,49,2.5,0.435,13,182,28.9,11.9,35,1008,0,SW,2.1,3.6,160.4275445
2019,9,1,20,4,18,50,2,0.419,12,168,27.8,11.8,37,1009.1,0,SW,1.8,5.4,162.2305524
2019,9,1,21,4,20,48,2,0.411,13,150,27,12.6,41,1009.7,0,SW,1.2,6.6,153.8797788
2019,9,1,22,4,20,52,2,0.464,19,134,24.9,13.8,50,1009.8,0,SW,1.1,7.7,122.3745877
2019,9,1,23,4,21,57,2,0.506,22,129,22.3,14.2,60,1010,0,CV,0.3,0.3,81.75946168
2019,9,2,0,4,21,58,2,0.51675,23.25,127.75,21.525,14.275,63.5,1010.05,0,CV,0.375,0.375,68.8774445
2019,9,2,1,4,21,59,2,0.5275,24.5,126.5,20.75,14.35,67,1010.1,0,CV,0.45,0.45,55.99542732
2019,9,2,2,4,21,60,2,0.53825,25.75,125.25,19.975,14.425,70.5,1010.15,0,CV,0.525,0.525,43.11341014
2019,9,2,3,4,21,61,2,0.549,27,124,19.2,14.5,74,1010.2,0,NW,0.6,0.6,30.23139296
2019,9,2,4,4,12,67,2.5,0.495,89,2,19,14.3,74,1010.3,0,NE,1.1,1.1,26.72027226
2019,9,2,5,4,17,54,3,0.455,85,2,18.8,14.5,76,1010.6,0,NE,1,2.1,27.85901411
2019,9,2,6,4,22,47,3,0.45,79,2,18.2,14.7,80,1011,0,CV,0.3,0.3,29.47223173
2019,9,2,7,4,25,50,3,0.477,79,4,19,15.3,79,1011.3,0,NE,0.9,0.9,38.77195684
2019,9,2,8,4,20,41,3,0.528,62,27,22.1,14.7,63,1011.4,0,NW,1.3,1.3,143.7259974
2019,9,2,9,4,24,45,2.666666667,0.598,52,49,25.9,14.4,49,1011.4,0,NE,0.7,0.7,380.1098264
2019,9,2,10,4,25,69,2.333333333,0.715,67,48,28.6,14.4,42,1011.2,0,NE,1.2,1.9,595.901407
2019,9,2,11,4,26,66,2,0.663,37,96,29.6,14.2,39,1010.6,0,SE,0.6,0.6,855.2498633
2019,9,2,12,4,34,64,2,0.647,32,129,31.9,14.5,35,1009.8,0,SE,1.5,2.1,1153.790018
2019,9,2,13,4,29,65,2,0.666,27,175,32.7,12.9,30,1009.4,0,SW,2.1,2.1,1401.466371
2019,9,2,14,4,24,49,2,0.56599999,15,201,33.6,13.1,29,1008.8,0,SW,2.7,4.8,1537.830707
2019,9,2,15,4,22,31,2,0.432,13,182,33.5,11.9,27,1008,0,SW,2,6.8,1667.362593
2019,9,2,16,4,21,41,2,0.385,11,183,33.3,12.9,29,1007.7,0,SW,3.1,9.9,1684.06414
2019,9,2,17,4,25,69,2,0.384,13,198,33,12.6,29,1007.6,0,SW,1.9,11.8,1607.29396
2019,9,2,18,4,25.90442885,64.66666667,2,0.356333333,13.66666667,184.6666667,31.43333333,13.46666667,34.33333333,1008,0,SW,1.833333333,8.433333333,1104.85575
2019,9,2,19,4,26.80885769,60.33333333,2,0.328666667,14.33333333,171.3333333,29.86666667,14.33333333,39.66666667,1008.4,0,SW,1.766666667,5.066666667,602.4175409
2019,9,2,20,4,27.71328654,56,2,0.301,15,158,28.3,15.2,45,1008.8,0,SE,1.7,1.7,99.97933128
2019,9,2,21,4,45,85,2,0.724,25,185,27.2,15.9,50,1009.2,0,SW,1.8,1.8,87.35827577
2019,9,2,22,4,35,87,2,0.81699999,29,167,26.3,16.2,54,1009.2,0,SW,1.1,2.9,68.09455948
2019,9,2,23,4,38.5,87.5,2,0.829749993,28.75,167.75,24.85,16.075,59,1009.225,0,SW,0.975,2.325,60.00474759
2019,9,3,0,4,42,88,2,0.842499995,28.5,168.5,23.4,15.95,64,1009.25,0,SW,0.85,1.75,51.9149357
2019,9,3,1,4,45.5,88.5,2,0.855249998,28.25,169.25,21.95,15.825,69,1009.275,0,SW,0.725,1.175,43.8251238
2019,9,3,2,4,49,89,2,0.868,28,170,20.5,15.7,74,1009.3,0,NE,0.6,0.6,35.73531191
2019,9,3,3,4,49.66666667,92,2,0.892999997,62.66666667,117.3333333,20.13333333,15.93333333,77,1009.466667,0,NE,0.833333333,0.833333333,35.10267755
2019,9,3,4,4,50.33333333,95,2,0.917999993,97.33333333,64.66666667,19.76666667,16.16666667,80,1009.633333,0,NE,1.066666667,1.066666667,34.47004318
2019,9,3,5,4,51,98,2,0.94299999,132,12,19.4,16.4,83,1009.8,0,NE,1.3,1.3,33.83740882
2019,9,3,6,4,45,101,2,0.661,98,12,19.5,15.8,79,1010.2,0,NE,0.5,1.8,32.31908636
2019,9,3,7,4,62,89,2,0.65,90,19,19.9,16.7,82,1010.3,0,CV,0.4,0.4,43.99119032
2019,9,3,8,4,67,86,2,0.709,64,51,22.7,16,66,1010.2,0,NE,1.3,1.3,186.3339216
2019,9,3,9,4,69,104,2,0.749,55,66,26.1,16.4,55,1010.4,0,SE,0.7,0.7,379.1608748
2019,9,3,10,4,62,107,2,0.772,45,96,28,16.3,49,1010.3,0,NE,0.9,0.9,597.5146246
2019,9,3,11,4,78,118,3,0.77,40,135,29.4,16.6,46,1009.7,0,NE,0.7,1.6,802.6779479
2019,9,3,12,4,77,125,4,0.81699999,39,172,30.8,17.1,44,1008.7,0,SW,1.3,1.3,1021.031698
2019,9,3,13,4,71,121,5,0.852,39,211,32.1,17.9,43,1007.9,0,NW,0.7,0.7,1190.704233
2019,9,3,14,4,78,114,4,0.85,40,242,33.9,16.7,36,1006.9,0,SE,0.9,0.9,1312.264926
2019,9,3,15,4,74,108,4,0.847,38,279,34.2,16.6,35,1006.1,0,SE,0.6,1.5,1373.187615
2019,9,3,16,4,57,97,4,0.771,36,294,34.4,16.7,35,1005.8,0,SW,1.6,1.6,1461.535003
2019,9,3,17,4,54,92,4,0.644,32,274,33.2,16.1,36,1005.6,0,SW,2.1,3.7,1488.010751
2019,9,3,18,4,38,85,4,0.586,28,254,30.8,16,41,1005.9,0,SW,2.6,6.3,371.5692625
2019,9,3,19,4,43,79,3,0.581,21,234,29.4,15.5,43,1005.8,0,SW,1.5,7.8,92.19792864
2019,9,3,20,4,48,78,3,0.609,23,208,26.2,16.2,54,1006.5,0,SW,1.2,9,91.15408194
2019,9,3,21,4,48,92,3,0.618,24,194,24.6,17.1,63,1007,0,SE,0.9,0.9,138.8863445
2019,9,3,22,4,49.6,91.4,3,0.6234,24.6,190.2,23.96,17.36,67,1007.08,0,SE,0.98,0.98,121.7103216
2019,9,3,23,4,51.2,90.8,3,0.6288,25.2,186.4,23.32,17.62,71,1007.16,0,SE,1.06,1.06,104.5342987
2019,9,4,0,4,52.8,90.2,3,0.6342,25.8,182.6,22.68,17.88,75,1007.24,0,SE,1.14,1.14,87.35827578
2019,9,4,1,4,54.4,89.6,3,0.6396,26.4,178.8,22.04,18.14,79,1007.32,0,SE,1.22,1.22,70.18225287
2019,9,4,2,4,56,89,3,0.645,27,175,21.4,18.4,83,1007.4,0,NE,1.3,1.3,53.00622996
2019,9,4,3,4,70,121,2,0.79,116,15,21.3,18.5,84,1007.6,0,CV,0.3,0.3,56.32756036
2019,9,4,4,4,72,146,2,0.969,125,2,21,18.4,85,1007.8,0,NE,0.5,0.5,47.78699649
2019,9,4,5,4,69,129,2,1.016,121,2,20.8,18.7,88,1008,0,NW,0.9,0.9,46.55335948
2019,9,4,6,4,77,118,2,1.09,112,2,20.9,18.5,86,1007.9,0,NE,0.8,0.8,44.18098063
2019,9,4,7,4,90,116,2,1.162,102,2,21.6,18.6,83,1007.9,0,NE,1.1,1.9,83.3726793
2019,9,4,8,4,81,116,2,0.976,73,30,23.3,18.4,74,1008,0,NE,0.8,2.7,263.1041013
2019,9,4,9,4,94,114,2,0.997,60,50,26,17.9,61,1007.8,0,NE,1.1,3.8,501.6705189
2019,9,4,10,4,96,114,4,1.063,51,72,27.8,17.9,55,1007.7,0,NE,1.2,5,683.3947391
2019,9,4,11,4,87,115,5,1.077,46,101,29.7,18.2,50,1007.1,0,NE,1,6,951.8531303
2019,9,4,12,4,94,119,5,1.148,55,119,30.7,17.8,46,1006.2,0,SW,0.8,0.8,1444.074295
2019,9,4,13,4,70,109,5,1.095,49,163,31.7,17.6,43,1005.4,0,NE,0.7,0.7,1761.688376
2019,9,4,14,4,58,71,4,0.855,32,200,32.3,17,40,1004.4,0,SW,1.1,1.1,1892.548794
2019,9,4,15,4,54,67,4,0.69099999,26,225,32.2,15.7,37,1003.7,0,SW,2,3.1,1977.479957
2019,9,4,16,4,52,54,3,0.659,16,234,33,16.8,38,1003.4,0,SE,0.8,0.8,1926.995735
2019,9,4,17,4,41,69,3,0.656,17,233,31.6,17.5,43,1003.2,0,SE,1.6,2.4,1847.948071
2019,9,4,18,4,45,109,3,0.676,29,196,29.5,16.3,45,1003.2,0,SW,1.5,1.5,341.3926035
2019,9,4,19,4,49,67,3,0.722,30,215,27.8,14.8,45,1003.3,0,SW,1.4,2.9,105.8628308
2019,9,4,20,4,49,61,4,0.716,28,212,26.8,14.2,46,1003.8,0,SE,0.9,0.9,86.97869516
2019,9,4,21,4,44,62,4,0.633,27,189,26.2,13.3,45,1004.1,0,SW,1.8,1.8,105.1036696
2019,9,4,22,4,35,79,5,0.65,29,161,25.7,12.5,44,1004.3,0,SW,2.3,4.1,102.8261859
2019,9,4,23,4,29,65,4,0.647,32,129,24.2,14.3,54,1004.3,0,CV,0.4,0.4,64.108963
2019,9,5,0,4,36,62,3,0.668,34,110,21.5,15.1,67,1004.1,0,NW,0.8,0.8,42.75755331
2019,9,5,1,4,34,63.5,3.5,0.6845,31.5,116,20.85,15.85,73.5,1003.8,0,NW,0.75,0.75,37.58576741
2019,9,5,2,4,32,65,4,0.701,29,122,20.2,16.6,80,1003.5,0,NE,0.7,0.7,32.41398151
2019,9,5,3,4,38.66666667,65.83333333,3.833333333,0.679833333,38,106,20.41666667,16.81666667,80,1003.55,0,NE,0.833333333,0.833333333,55.78982116
2019,9,5,4,4,45.33333333,66.66666667,3.666666667,0.658666667,47,90,20.63333333,17.03333333,80,1003.6,0,NE,0.966666667,0.966666667,79.16566081
2019,9,5,5,4,52,67.5,3.5,0.6375,56,74,20.85,17.25,80,1003.65,0,NE,1.1,1.1,102.5415005
2019,9,5,6,4,58.66666667,68.33333333,3.333333333,0.616333333,65,58,21.06666667,17.46666667,80,1003.7,0,NE,1.233333333,1.233333333,125.9173401
2019,9,5,7,4,65.33333333,69.16666667,3.166666667,0.595166667,74,42,21.28333333,17.68333333,80,1003.75,0,NE,1.366666667,1.366666667,149.2931798
2019,9,5,8,4,72,70,3,0.574,83,26,21.5,17.9,80,1003.8,0,NE,1.5,1.5,172.6690194
2019,9,5,9,4,61,82,2.666666667,0.764,37,93,24.8,18,66,1003.9,0,NW,0.9,0.9,386.8473823
2019,9,5,10,4,57,87,2.333333333,0.801,33,115,28.2,17.4,52,1003.6,0,NW,1.1,2,661.0943779
2019,9,5,11,4,52,87,2,0.797,30,144,29.9,17.7,48,1002.9,0,SE,1,1,1009.264699
2019,9,5,12,4,54,93,2,0.828,36,157,31,17.3,44,1002.1,0,SW,2,2,1311.98024
2019,9,5,13,4,62,85,3,0.805,27,207,31.5,17,42,1001.5,0,SW,2.2,4.2,1561.649391
2019,9,5,14,4,48,80,3,0.783,26,236,32.1,16,38,1001,0,SW,1.7,5.9,1798.792381
2019,9,5,15,4,49,61,2,0.593,24,218,32.4,16.7,39,1000.5,0,SW,1.5,7.4,1867.401578
2019,9,5,16,4,41,65,2,0.522,16,216,32.7,16.1,37,1000.1,0,SE,0.9,0.9,1832.575056
2019,9,5,17,4,41,80,3,0.548,20,230,31.7,16,39,1000.1,0,SW,1.5,1.5,1750.680538
2019,9,5,18,4,46,69,2,0.548,20,216,29.7,15.8,43,1000.3,0,SW,1.9,3.4,411.5201224
2019,9,5,19,4,48,82,2,0.591,26,207,28.2,15.8,47,1000.5,0,SW,2.7,6.1,105.8628308
2019,9,5,20,4,40,89,2,0.594,24,206,27.6,15.6,48,1001.1,0,SW,2,8.1,79.57687313
2019,9,5,21,4,38,83,3,0.571,21,189,25.9,15.6,53,1001.3,0,SW,1.1,9.2,89.73065463
2019,9,5,22,4,37,65,2,0.577,25,160,25.6,15.3,53,1001.5,0,SW,1.2,10.4,91.05918679
2019,9,5,23,4,38.8,66.4,2,0.5864,26,157.4,24.56,15.8,59.4,1001.62,0,SW,1.14,8.5,77.45122168
2019,9,6,0,4,40.6,67.8,2,0.5958,27,154.8,23.52,16.3,65.8,1001.74,0,SW,1.08,6.6,63.84325657
2019,9,6,1,4,42.4,69.2,2,0.6052,28,152.2,22.48,16.8,72.2,1001.86,0,SW,1.02,4.7,50.23529147
2019,9,6,2,4,44.2,70.6,2,0.6146,29,149.6,21.44,17.3,78.6,1001.98,0,SW,0.96,2.8,36.62732636
2019,9,6,3,4,46,72,2,0.624,30,147,20.4,17.8,85,1002.1,0,NE,0.9,0.9,23.01936125
2019,9,6,4,4,52,108,2,0.7,113,24,20.3,17.3,83,1002.2,0,CV,0.3,0.3,21.12145816
2019,9,6,5,4,59,123,4,0.806,133,2,19.8,17.2,85,1002.4,0,NE,0.8,0.8,21.40614363
2019,9,6,6,4,61,123,3,0.8,109,2,19.3,17.4,89,1002.8,0,SE,0.6,0.6,20.26740178
2019,9,6,7,4,79,100,3,0.792,103,4,20,18.3,90,1003.2,0,NE,1,1,34.12209429
2019,9,6,8,4,61,93,3,0.783,78,39,22.9,18,74,1003.5,0,NE,0.6,1.6,156.8215286
2019,9,6,9,4,47,89,3,0.734,48,90,25.9,17.3,59,1003.4,0,NW,1.4,1.4,403.8336149
2019,9,6,10,4,56,83,3,0.736,36,120,28.2,16.5,49,1003.2,0,NW,2,3.4,632.8156219
2019,9,6,11,4,53,101,4,0.752,35,136,29.8,16.9,46,1002.8,0,NE,1.7,1.7,912.3767461
2019,9,6,12,4,57,83,5,0.726,29,177,30.4,16.4,43,1002,0,SW,0.7,0.7,1185.105419
2019,9,6,13,4,57,98,5,0.755,31,207,32.7,16.5,38,1001.4,0,SE,0.8,0.8,1350.602568
2019,9,6,14,4,64,89,5,0.771,24,251,33.2,16.5,37,1000.6,0,SW,2.2,2.2,1482.032357
2019,9,6,15,4,54,70,5,0.721,28,270,33.6,14.6,32,1000,0,SW,1.9,4.1,1566.489044
2019,9,6,16,4,54,75,5,0.682,26,285,34.2,15.1,32,999.7,0,SW,1.9,6,1590.402623
2019,9,6,17,4,46,95,6,0.698,27,292,33,14.6,33,999.8,0,SE,1.6,1.6,1520.93937
2019,9,6,18,4,47,80,7,0.677,27,253,30.7,15.9,41,999.8,0,SW,1.4,1.4,267.6590687
2019,9,6,19,4,44,78,5,0.625,23,233,29.1,16,45,1000.4,0,SW,0.8,2.2,88.49701762
2019,9,6,20,4,52,90,5,0.675,29,224,27.3,15.6,49,1001,0,SE,0.6,0.6,89.06638855
2019,9,6,21,4,54,102,5,0.722,30,202,24.2,17.7,67,1001.4,0,SW,0.5,0.5,105.6730405
2019,9,6,22,4,57.5,104.5,5,0.74175,31.25,196,23.55,17.775,70.25,1001.3,0,SW,0.525,0.525,86.93124756
2019,9,6,23,4,61,107,5,0.7615,32.5,190,22.9,17.85,73.5,1001.2,0,SW,0.55,0.55,68.18945462
2019,9,7,0,4,64.5,109.5,5,0.78125,33.75,184,22.25,17.925,76.75,1001.1,0,SW,0.575,0.575,49.44766168
2019,9,7,1,4,68,112,5,0.801,35,178,21.6,18,80,1001,0,NE,0.6,0.6,30.70586874
2019,9,7,2,4,73,118,4,1.111,143,18,21.9,17.7,77,1000.9,0,NE,1.1,1.7,34.21698944
2019,9,7,3,4,81,141.5,4,1.144,144.5,10.5,21.3,17.4,78.5,1000.65,0,NE,1.1,1.4,33.22059032
2019,9,7,4,4,89,165,4,1.177,146,3,20.7,17.1,80,1000.4,0,NE,1.1,1.1,32.2241912
2019,9,7,5,4,92,119,3,0.851,83,48,20,16.8,82,1000.5,0,CV,0.3,0.3,22.73467578
2019,9,7,6,4,79,112.5,3,0.843,69,60.5,20.2,17.2,83,1000.4,0,CV,0.55,0.55,33.31548547
2019,9,7,7,4,66,106,3,0.835,55,73,20.4,17.6,84,1000.3,0,NE,0.8,0.8,43.89629516
2019,9,7,8,4,59,73,3,0.831,91,58,22.7,17.2,71,999.7,0,CV,0.4,0.4,182.1585348
2019,9,7,9,4,64,85,3,0.841,122,36,26.5,17,56,999.2,0,NE,1,1,405.9213083
2019,9,7,10,4,57,103,2,0.855,95,81,29.7,16.8,46,998.7,0,NE,0.8,1.8,612.4131638
2019,9,7,11,4,54,95,2.25,0.819,53,151,31.9,15.8,38,997.9,0,SW,0.9,0.9,822.7957206
2019,9,7,12,4,47,80,2.5,0.742,37,189,33.6,15.6,34,996.7,0,SE,1.2,1.2,1098.940619
2019,9,7,13,4,43,72,2.75,0.726,25,229,34.7,14.1,29,995.8,0,NE,0.7,0.7,1419.876031
2019,9,7,14,4,38,45,3,0.648,19,232,36.6,12.1,23,994.5,0,SE,0.8,0.8,1692.320018
2019,9,7,15,4,31,38,3,0.549,18,216,36.2,12.4,24,993.7,0,SW,1,1,1810.464485
2019,9,7,16,4,28,31,3,0.428,14,188,35.1,14.9,30,993.4,0,SW,3.6,4.6,1693.26897
2019,9,7,17,4,24,31,3,0.411,17,202,34,15.5,33,993.5,0,SW,3,7.6,1300.972402
2019,9,7,18,4,38,105,3,0.527,32,231,32.2,14.8,35,993.7,0,SW,1.8,9.4,378.2119233
2019,9,7,19,4,33,97,3,0.549,25,218,31.3,13.6,34,994,0,SW,3.5,12.9,291.4777524
2019,9,7,20,4,34,102,3,0.554,25,202,30.1,14.2,38,994.7,0,SW,2.3,15.2,229.6061119
2019,9,7,21,4,38,63,3,0.506,31,162,29,15.5,44,995.1,0,SW,2.3,17.5,155.5878916
2019,9,7,22,4,40,102,3,0.576,31,150,28,16,48,995.4,0,SW,1.9,19.4,121.6154264
2019,9,7,23,4,38,93,3,0.637,37,137,24,16.5,63,995.9,0,SW,0.7,20.1,94.28562203
2019,9,8,0,4,34,95,3,0.675,36,129,22.7,16.9,70,996.4,0,CV,0.4,0.4,79.8615586
2019,9,8,1,4,47,99,3,0.736,59,93,22.7,17.4,72,996.7,0,NE,1.1,1.1,60.02847137
2019,9,8,2,4,49.57142857,102,3,0.745428571,60.85714286,90.28571429,22.78571429,17.75714286,73.28571429,997.2,0,NE,1.042857143,1.042857143,68.89439006
2019,9,8,3,4,52.14285714,105,3,0.754857143,62.71428571,87.57142857,22.87142857,18.11428571,74.57142857,997.7,0,NE,0.985714286,0.985714286,77.76030875
2019,9,8,4,4,54.71428571,108,3,0.764285714,64.57142857,84.85714286,22.95714286,18.47142857,75.85714286,998.2,0,NE,0.928571429,0.928571429,86.62622744
2019,9,8,5,4,57.28571429,111,3,0.773714286,66.42857143,82.14285714,23.04285714,18.82857143,77.14285714,998.7,0,NE,0.871428571,0.871428571,95.49214613
2019,9,8,6,4,59.85714286,114,3,0.783142857,68.28571429,79.42857143,23.12857143,19.18571429,78.42857143,999.2,0,NE,0.814285714,0.814285714,104.3580648
2019,9,8,7,4,62.42857143,117,3,0.792571429,70.14285714,76.71428571,23.21428571,19.54285714,79.71428571,999.7,0,NE,0.757142857,0.757142857,113.2239835
2019,9,8,8,4,65,120,3,0.802,72,74,23.3,19.9,81,1000.2,0,NE,0.7,0.7,122.0899022
2019,9,8,9,4,55,99,2.5,0.903,70,54,26.7,19.1,63,1000.2,0,NE,0.8,1.5,315.0117506
2019,9,8,10,4,43,100,2,0.844,62,82,30.7,16.7,43,999.9,0,NE,1.9,3.4,531.0880167
2019,9,8,11,4,40,90,2,0.825,44,123,34.2,15.1,32,999.6,0,NE,1.7,5.1,819.6641805
2019,9,8,12,4,25,51,3,0.761,44,120,35.9,14,27,999,0,SE,1.4,1.4,1175.615904
2019,9,8,13,4,27,25,3,0.555,26,143,36.6,14,26,998.5,0,SE,1.7,3.1,1548.838545
2019,9,8,14,4,15,27,3,0.415,15,159,37.5,14.7,26,998,0,SW,1.2,1.2,1910.104397
2019,9,8,15,4,17,22,3,0.354,15,152,37.3,13.3,24,997.9,0,SW,1.7,2.9,2141.933259
2019,9,8,16,4,16,24,3,0.343,14,165,36.9,15.4,28,997.7,0,SE,2,2,2121.15122
2019,9,8,17,4,22,27,3,0.357,17,183,35.6,14.3,28,997.6,0,SW,2.6,2.6,1718.226395
2019,9,8,18,4,24,44,3,0.365,21,201,33.5,16.4,36,998.2,0,SW,3.4,6,300.9672678
2019,9,8,19,4,29,74,3,0.44,22,227,32.1,16.8,40,999.2,0,SW,1.6,7.6,105.6730405
2019,9,8,20,4,36,126,2.5,0.574,29,243,30.4,16.8,44,1000,0,SW,1.3,8.9,73.78826873
2019,9,8,21,4,31,78,2,0.638,31,203,30.1,17.2,46,1000.5,0,SW,1.4,10.3,58.79483437
2019,9,8,22,4,42,92,3,0.795,29,197,29.5,17.3,48,1000.7,0,SW,1.1,11.4,54.23986697
2019,9,8,23,4,44,98,3,0.903,31,193,28.3,17.8,53,1001,0,SW,0.9,12.3,48.26147226
2019,9,9,0,4,53,128,6,1.053,28,211,26.7,18,59,1001,0,SW,0.8,13.1,50.72874626
2019,9,9,1,4,70,131,9,1.311,27,220,24.8,19.2,71,1001.3,0,NW,0.6,0.6,53.57560089
2019,9,9,2,4,64,136.5,8.5,1.356,31,203.5,24,18.75,72.5,1001.5,0,NW,0.65,0.65,52.95878239
2019,9,9,3,4,58,142,8,1.401,35,187,23.2,18.3,74,1001.7,0,NE,0.7,0.7,52.34196389
2019,9,9,4,4,71,128,3,1.058,101,39,23.6,19.3,77,1002.2,0,NE,0.6,1.3,55.18881851
2019,9,9,5,4,63,132,4,1.065,80,44,24.2,19.7,76,1002.9,0,NE,0.9,2.2,69.42309164
2019,9,9,6,4,75,129,4,1.07,115,13,23.8,20.3,81,1003.7,0,NE,1,3.2,106.0526211
2019,9,9,7,4,107,142,4,1.101,85,24,24.7,20.6,78,1004.6,0,NE,1.3,4.5,188.5165101
2019,9,9,8,4,138,192,8,1.779,68,31,26,20.8,73,1005.1,0,SE,1.2,1.2,391.2125594
2019,9,9,9,4,136,229,17,3.051,64,56,27.7,21,67,1005.4,0,SE,1,2.2,666.8829823
2019,9,9,10,4,126,208,18,3.213,45,113,28.5,20.8,63,1005.7,0,NE,1.9,1.9,991.709095
2019,9,9,11,4,117,178,21,2.917,36,152,30,18.8,51,1005.3,0,NW,1.5,1.5,1298.600024
2019,9,9,12,4,99,153,21,2.628,31,191,30.6,18.7,49,1004.9,0,NE,1.1,1.1,1674.195044
2019,9,9,13,4,76,99,18,2.262,28,207,31.7,20,50,1004.2,0,SE,1.7,1.7,1959.449877
2019,9,9,14,4,104,119,16,2.195,26,228,31.7,20.6,52,1003.5,0,SE,0.8,2.5,2062.60091
2019,9,9,15,4,90,131,14,2.23,23,260,31.3,20.9,54,1003.5,0,SE,0.8,3.3,2054.155241
2019,9,9,16,4,89,111,11,1.953,24,257,30.3,20.5,56,1003,0,NE,1.8,1.8,622.8516308
2019,9,9,17,4,112,177,8,1.916,24,257,28.4,19.3,58,1003.6,0,NE,1.2,3,421.104533
2019,9,9,18,4,95,173,2,1.976,33,226,23.1,21.5,91,1005.1,2.4,NE,2.7,5.7,176.4648255
2019,9,9,19,4,41,95,2,1.705,26,211,22.3,22,98,1006.1,0.6,SE,1.1,1.1,370.9998916
2019,9,9,20,4,67,41,2.083333333,1.143,18,169,22.5,22.3,99,1007.2,0.6,NW,1.1,1.1,466.4644167
2019,9,9,21,4,70,67,2.166666667,1.357,30,155,22.5,22.3,99,1008.6,0.8,NW,0.7,1.8,449.4781841
2019,9,9,22,4,39,70,2.25,1.261,27,143,21.6,21.4,99,1009.2,1.3,CV,0.4,0.4,454.6974176
2019,9,9,23,4,32,39,2.333333333,1.028,22,140,21,20.8,99,1009.4,0.9,NE,0.8,0.8,377.4527621
2019,9,10,0,4,17,32,2.416666667,0.784,27,105,19.8,19.6,99,1009.8,1.6,NE,1.3,2.1,332.7571445
2019,9,10,1,4,21,17,2.5,0.57,29,63,19.5,19.3,99,1010.4,2.8,NE,0.9,3,288.8206881
2019,9,10,2,4,11,21,2.583333333,0.492,28,47,19.2,19,99,1010.6,3.2,NE,1.2,4.2,268.7029154
2019,9,10,3,4,15,11,2.666666667,0.419,32,37,19.1,18.9,99,1010.4,5.5,NW,2.1,2.1,263.1041013
2019,9,10,4,4,22,15,2.75,0.358,23,50,18.9,18.7,99,1010.5,7.9,NW,0.8,2.9,279.9005436
2019,9,10,5,4,15,22,2.833333333,0.361,27,50,19.1,18.9,99,1011,1.6,NE,1,1,320.8952502
2019,9,10,6,4,13,15,2.916666667,0.365,34,42,19,18.8,99,1012.3,10.8,NE,0.8,1.8,347.845474
2019,9,10,7,4,17,17,3,0.395,37,40,19.1,18.9,99,1011.9,13.8,NW,1.6,1.6,354.2034493
2019,9,10,8,4,5,17,3,0.472,34,58,19.2,19,99,1012.6,0.7,NE,2,2,370.9049964
2019,9,10,9,4,13,10,3,0.484,28,66,20,19.8,99,1013.2,0,NE,1.8,3.8,355.1524008
2019,9,10,10,4,15,13.5,3,0.476,27.5,62,20.1,19.9,99,1013.6,0.35,NE,1.35,2.35,331.1439268
2019,9,10,11,4,17,17,3,0.468,27,58,20.2,20,99,1014,0.7,SW,0.9,0.9,307.1354528
2019,9,10,12,4,18,17,3,0.4585,22,64.5,20.25,19.9,98,1013.8,0.35,SW,0.85,0.85,325.9246934
2019,9,10,13,4,19,17,3,0.449,17,71,20.3,19.8,97,1013.6,0,NW,0.8,0.8,344.7139339
2019,9,10,14,4,17.5,19,3,0.51,20,75,20.3,20,98,1013.5,0.3,CV,0.3,0.3,368.2479321
2019,9,10,15,4,16,17.5,3,0.477,19,81,20.7,19.4,92,1013.2,0.1,NW,0.7,0.7,356.1013524
2019,9,10,16,4,11,16,3,0.476,19,81,21,20.2,95,1013,0,CV,0.4,0.4,412.6588643
2019,9,10,17,4,13.28571429,15.28571429,3,0.478428571,19,81,20.81428571,20.1,95.57142857,1013.285714,0,CV,0.442857143,0.442857143,360.1140618
2019,9,10,18,4,15.57142857,14.57142857,3,0.480857143,19,81,20.62857143,20,96.14285714,1013.571429,0,CV,0.485714286,0.485714286,307.5692593
2019,9,10,19,4,17.85714286,13.85714286,3,0.483285714,19,81,20.44285714,19.9,96.71428571,1013.857143,0,CV,0.528571429,0.528571429,255.0244568
2019,9,10,20,4,20.14285714,13.14285714,3,0.485714286,19,81,20.25714286,19.8,97.28571429,1014.142857,0,CV,0.571428571,0.571428571,202.4796542
2019,9,10,21,4,22.42857143,12.42857143,3,0.488142857,19,81,20.07142857,19.7,97.85714286,1014.428571,0,CV,0.614285714,0.614285714,149.9348517
2019,9,10,22,4,24.71428571,11.71428571,3,0.490571429,19,81,19.88571429,19.6,98.42857143,1014.714286,0,CV,0.657142857,0.657142857,97.39004922
2019,9,10,23,4,27,11,3,0.493,19,81,19.7,19.5,99,1015,0,NE,0.7,0.7,44.84524671
2019,9,11,0,4,13,27,3,0.618,33,41,19.1,18.9,99,1015,0,CV,0.3,0.3,45.79419825
2019,9,11,1,4,19,15,3,0.639,51,16,18.9,18.7,99,1014.9,0,NE,0.5,0.5,47.31252071
2019,9,11,2,4,17.25,17.5,3,0.62675,51.5,13.75,18.725,18.525,99,1015.2,0,NE,0.525,0.525,46.74314979
2019,9,11,3,4,15.5,20,3,0.6145,52,11.5,18.55,18.35,99,1015.5,0,NE,0.55,0.55,46.17377886
2019,9,11,4,4,13.75,22.5,3,0.60225,52.5,9.25,18.375,18.175,99,1015.8,0,NE,0.575,0.575,45.60440794
2019,9,11,5,4,12,25,3,0.59,53,7,18.2,18,99,1016.1,0,NW,0.6,0.6,45.03503701
2019,9,11,6,4,13,12,3,0.387,34,10,18,17.8,99,1016.9,0,CV,0.4,0.4,42.09328724
2019,9,11,7,4,14,20,3,0.46,37,8,18.4,18.2,99,1016.8,0,NE,1,1,47.21762556
2019,9,11,8,4,7,14,2.5,0.445,30,16,19,18.7,98,1017.1,0,NE,1.1,2.1,79.76666344
2019,9,11,9,4,15,16,2,0.462,28,18,20.8,18.9,89,1017.5,0,NE,1,3.1,163.9386652
2019,9,11,10,4,13,26,2,0.48,28,20,21.9,17.5,76,1017.5,0,NE,1.4,4.5,266.0458511
2019,9,11,11,4,10,27,3,0.471,23,29,22.5,17.4,73,1017.3,0,NW,0.8,0.8,466.1797312
2019,9,11,12,4,11,30,2,0.472,26,29,23.5,17.3,68,1016.5,0,NE,1.3,1.3,660.1454263
2019,9,11,13,4,16,15,3,0.61,32,35,23.3,17.3,69,1015.9,0,NW,1.6,1.6,856.1039197
2019,9,11,14,4,27,40,4,0.834,46,31,23.8,17.1,66,1015.1,0,NW,0.6,2.2,750.0111373
2019,9,11,15,4,16.21254562,37,2,0.909,49,36.02226831,24,17,65,1014.2,0,SW,0.6,0.6,625.2240096
2019,9,11,16,4,5.425091232,21.21254562,2,1.200742277,50,44,23.4,16,63,1013.9,0,SW,1.3,1.9,495.6921242
2019,9,11,17,4,28,5.425091232,5,1.095,35,59,22.5,14.6,61,1013.5,0,SW,1.1,3,437.3316044
2019,9,11,18,4,23,28,7,1.154,38,55,21.8,14.9,65,1013.4,0,SW,1,4,127.8785066
2019,9,11,19,4,15,23,10,1.436,50,41,20.7,16.7,78,1013.5,0,SW,0.9,4.9,93.62135595
2019,9,11,20,4,18.5,27,10,1.358,50.5,40.5,20.3,17.55,84.5,1013.6,0,SW,0.6,2.6,74.73722027
2019,9,11,21,4,22,31,10,1.28,51,40,19.9,18.4,91,1013.7,0,CV,0.3,0.3,55.85308459
2019,9,11,22,4,21,43,7,1.314,55,31,20.1,16.1,78,1013.7,0,NW,0.6,0.6,60.02847137
2019,9,11,23,4,18,39,6,1.262,56,27,20.6,12.6,60,1013.6,0,SW,0.8,0.8,61.45189869
2019,9,12,0,4,14,35,4.5,1.1115,49,32.5,20.15,13.45,65.5,1013.2,0,SW,1.2,1.2,65.91197094
2019,9,12,1,4,10,31,3,0.961,42,38,19.7,14.3,71,1012.8,0,NE,1.6,1.6,70.37204318
2019,9,12,2,4,9,10,2.5,0.518,36,47,18.7,14.2,75,1012.3,0,NW,1,1,52.7215445
2019,9,12,3,4,18,16,3,0.555,40,23,18.3,13.4,73,1012.3,0,NE,0.9,0.9,37.8230053
2019,9,12,4,4,15,18,3,0.534,45,18,18.2,13.5,74,1012,0,NE,1,1.9,36.49447314
2019,9,12,5,4,12,15,3,0.533,45,15,18.1,13.2,73,1011.8,0,NE,0.6,2.5,37.72811014
2019,9,12,6,4,12,13,3,0.496,52,11,18,13.9,77,1012,0,CV,0.4,0.4,65.81707578
2019,9,12,7,4,16,14,3,0.482,56,11,18.5,13.4,72,1012,0,NE,0.5,0.5,60.78763261
2019,9,12,8,4,16,16,3,0.515,34,29,19.3,13.7,70,1011.9,0,CV,0.4,0.4,99.78954097
2019,9,12,9,4,14,16,3,0.486,29,30,20,13.5,66,1012.2,0,SE,0.5,0.5,389.124866
2019,9,12,10,4,19,24,3,0.559,32,25,20.8,14,65,1012.1,0,SW,0.7,0.7,586.8863673
2019,9,12,11,4,32,28,3,0.664,35,28,22.2,13.3,57,1011.3,0,SW,0.6,1.3,805.809488
2019,9,12,12,4,23,32,3,0.712,35,39,22.2,13.3,57,1010.9,0,SW,1.7,3,1128.642802
2019,9,12,13,4,21,27,3,0.586,27,59,22.4,13.7,58,1010.2,0,SW,1.4,4.4,1323.557449
2019,9,12,14,4,18,30,3,0.527,23,71,23.3,14.3,57,1009.1,0,SW,0.9,5.3,1346.996552
2019,9,12,15,4,27,31,3,0.502,25,72,23,14.3,58,1008.2,0,SE,1.5,1.5,1334.755077
2019,9,12,16,4,30,35,3,0.508,25,76,22.7,15.5,64,1007.4,0,SE,0.8,2.3,1270.985534
2019,9,12,17,4,28,41,3,0.508,22,88,22,14.4,62,1007.1,0,SE,1.3,3.6,1252.670769
2019,9,12,18,4,28,43,3,0.527,24,90,21.7,14.8,65,1007.1,0,SE,2.1,5.7,463.4277718
2019,9,12,19,4,40,50,3,0.574,29,82,21.4,15.5,69,1007.1,0,SE,1.3,7,305.2375497
2019,9,12,20,4,39,55,3,0.657,35,66,21.2,15.5,70,1007.1,0,SW,0.8,0.8,276.1996326
2019,9,12,21,4,40,57,3,0.706,36,61,21.1,15.6,71,1007.2,0,SW,0.8,1.6,235.5845066
2019,9,12,22,4,41,55,3,0.675,32,61,21,15.8,72,1006.8,0,SW,1.2,2.8,172.0047533
2019,9,12,23,4,38,49,3,0.615,27,61,20.7,15.7,73,1006.3,0,SW,1.2,4,155.7776819
2019,9,13,0,4,41,48,3,0.606,25,62,19,17.5,91,1005.7,1.5,SW,0.7,4.7,119.4328379
2019,9,13,1,4,42,44,3,0.604,22,61,18.5,18.3,99,1005.2,3.7,SE,0.8,0.8,112.6952819
2019,9,13,2,4,43,42,3,0.627,23,48,18.4,18.2,99,1005,3.6,SW,0.7,0.7,93.33667049
2019,9,13,3,4,32,43,3,0.585,18,50,18.3,18.1,99,1004.7,2.7,CV,0.3,0.3,91.2489771
2019,9,13,4,4,38,32,3,0.474,18,52,18.2,18,99,1005,2.6,SW,0.8,0.8,92.19792864
2019,9,13,5,4,36.66666667,34,3,0.469666667,17.66666667,51.66666667,18.26666667,18.06666667,99,1005.1,1.733333333,SW,0.633333333,0.633333333,98.99874803
2019,9,13,6,4,35.33333333,36,3,0.465333333,17.33333333,51.33333333,18.33333333,18.13333333,99,1005.2,0.866666667,SW,0.466666667,0.466666667,105.7995674
2019,9,13,7,4,34,38,3,0.461,17,51,18.4,18.2,99,1005.3,0,CV,0.3,0.3,112.6003868
2019,9,13,8,4,34,34,3,0.501,26,31,18.9,18.7,99,1005.8,0.1,NW,0.6,0.6,152.9308273
2019,9,13,9,4,36,34,3,0.548,29,33,19.6,19.4,99,1006.3,0,SW,1,1,188.9909859
2019,9,13,10,4,32,36,3,0.587,34,31,21.3,20.5,95,1006.2,0,NE,0.6,0.6,525.6789929
2019,9,13,11,4,32,32,3,0.603,29,45,23.9,18.3,71,1006,0,SW,0.9,0.9,1104.539433
2019,9,13,12,4,14,32,3,0.622,32,48,25.4,16.5,58,1005.8,0,NW,0.7,0.7,1564.02177
2019,9,13,13,4,14,14,3,0.448,19,69,25.8,16.9,58,1005.7,0,SW,1.2,1.2,1832.859742
2019,9,13,14,4,9,14,3,0.392,16,77,26.4,13.2,44,1005.8,0,SW,1.1,2.3,1968.654707
2019,9,13,15,4,10,9,3,0.304,12,80,27.3,12.9,41,1005.6,0,SW,1,3.3,2062.506015
2019,9,13,16,4,8,10,3,0.237,9,77,26.7,13.8,45,1005.6,0,SW,0.9,4.2,678.4601911
2019,9,13,17,4,5,8,3,0.252,11,75,25.6,17,59,1006,0,SW,1.4,5.6,32.69866697
2019,9,13,18,4,15,7,3,0.265,17,68,24.7,16.1,59,1006.5,0,SW,1.4,7,56.61224582
2019,9,13,19,4,15,33,3,0.445,37,48,22.7,16.9,70,1007.1,0,SW,1.1,8.1,43.99119032
2019,9,13,20,4,18.33333333,33.66666667,3,0.482,44,42.66666667,21.83333333,17.1,75,1007.766667,0,SW,1,5.666666667,38.67706169
2019,9,13,21,4,21.66666667,34.33333333,3,0.519,51,37.33333333,20.96666667,17.3,80,1008.433333,0,SW,0.9,3.233333333,33.36293305
2019,9,13,22,4,25,35,3,0.556,58,32,20.1,17.5,85,1009.1,0,NE,0.8,0.8,28.04880442
2019,9,13,23,4,24.66666667,44.33333333,3,0.631666667,56.66666667,30,19.5,17.6,89,1009.233333,0,NE,0.733333333,0.733333333,30.07323438
2019,9,14,0,4,24.33333333,53.66666667,3,0.707333333,55.33333333,28,18.9,17.7,93,1009.366667,0,NE,0.666666667,0.666666667,32.09766433
2019,9,14,1,4,24,63,3,0.783,54,26,18.3,17.8,97,1009.5,0,NE,0.6,0.6,34.12209429
2019,9,14,2,4,20.33333333,55.66666667,3,0.741,57.33333333,18,17.66666667,17.23333333,97.33333333,1009.733333,0,NE,0.6,0.6,38.67706169
2019,9,14,3,4,16.66666667,48.33333333,3,0.699,60.66666667,10,17.03333333,16.66666667,97.66666667,1009.966667,0,NE,0.6,0.6,43.23202909
2019,9,14,4,4,13,41,3,0.657,64,2,16.4,16.1,98,1010.2,0,NW,0.6,0.6,47.78699649
2019,9,14,5,4,15,31.5,3,0.547,58.5,1.5,15.85,15.55,98,1010.7,0,NW,0.55,0.55,47.64465376
2019,9,14,6,4,17,22,3,0.437,53,1,15.3,15,98,1011.2,0,NE,0.5,0.5,47.50231102
2019,9,14,7,4,3,19,3,0.448,46,5,16.1,15.6,97,1011.6,0,NE,0.9,1.4,49.87468988
2019,9,14,8,4,11,17,3,0.365,35,15,18.9,15.2,79,1011.8,0,NE,1.3,2.7,79.8615586
2019,9,14,9,4,11.5,14,3,0.274,23,29,22.8,13,54,1011.9,0,NW,1.2,1.2,170.4864308
2019,9,14,10,4,12,12,3,0.285,22,37,25.3,12.8,46,1011.7,0,NE,1.5,1.5,349.9331674
2019,9,14,11,4,8,16,3,0.345,24,41,26.5,11.4,39,1011.3,0,SE,1,1,580.0539162
2019,9,14,12,4,16,23,3,0.405,24,51,28.4,12.7,38,1010.7,0,NE,1,1,868.7249752
2019,9,14,13,4,13,24,3,0.398,20,70,28.8,11.4,34,1010.1,0,SW,1.9,1.9,1128.832593
2019,9,14,14,4,9,29,3,0.374,15,88,29.3,9.4,29,1009.3,0,SW,1.7,3.6,1206.646619
2019,9,14,15,4,8,31,3,0.395,21,99,28,11.1,35,1008.7,0,SW,1.6,5.2,1109.663772
2019,9,14,16,4,8,29,3,0.339,22,102,27.6,9.4,32,1008.7,0,SW,1.8,7,832.8546069
2019,9,14,17,4,13,23,3,0.274,18,104,27.3,10.5,35,1008.6,0,SW,2,9,361.1307956
2019,9,14,18,4,8,21,3,0.257,27,87,25.7,12.9,45,1008.6,0,SW,1.3,10.3,158.1500608
2019,9,14,19,4,7,26,3,0.285,27,98,25.2,13.7,49,1008.9,0,SW,1.8,12.1,76.82491366
2019,9,14,20,4,18,36,3,0.386,28,108,24.5,14.3,53,1009.3,0,SW,1.6,13.7,57.94077798
2019,9,14,21,4,21,51,3,0.441,36,95,23.3,14.6,58,1009.3,0,SW,1.4,15.1,42.94734362
2019,9,14,22,4,23,55,3,0.472,42,79,22.1,15.2,65,1009.2,0,SW,1,16.1,37.72811014
2019,9,14,23,4,25.25,55.75,3,0.47425,44,74.75,20.75,15.3,72,1009.075,0,SW,0.825,12.15,36.66053966
2019,9,15,0,4,27.5,56.5,3,0.4765,46,70.5,19.4,15.4,79,1008.95,0,SW,0.65,8.2,35.59296918
2019,9,15,1,4,29.75,57.25,3,0.47875,48,66.25,18.05,15.5,86,1008.825,0,SW,0.475,4.25,34.52539869
2019,9,15,2,4,32,58,3,0.481,50,62,16.7,15.6,93,1008.7,0,CV,0.3,0.3,33.45782821
2019,9,15,3,4,22,63,3,0.542,70,8,16.5,15.2,92,1008.6,0,CV,0.4,0.7,30.9905542
2019,9,15,4,4,20.75,61,3,0.548249998,72,6.5,16.425,15.3,93,1008.65,0,CV,0.5,0.725,31.10917314
2019,9,15,5,4,19.5,59,3,0.554499995,74,5,16.35,15.4,94,1008.7,0,CV,0.6,0.75,31.22779208
2019,9,15,6,4,18.25,57,3,0.560749993,76,3.5,16.275,15.5,95,1008.75,0,CV,0.7,0.775,31.34641103
2019,9,15,7,4,17,55,3,0.56699999,78,2,16.2,15.6,96,1008.8,0,NE,0.8,0.8,31.46502997
2019,9,15,8,4,19,41,3,0.484,63,5,18.5,15.4,82,1008.6,0,NE,0.9,1.7,123.3235392
2019,9,15,9,4,32,39,3,0.454,40,35,21.9,15.3,66,1008.5,0,NW,0.9,0.9,303.3396467
2019,9,15,10,4,45,48,3,0.501,31,61,23.4,14.9,59,1008.6,0,NW,1,1.9,440.9376202
2019,9,15,11,4,57,68,3,0.586,36,72,25.2,14.3,51,1007.9,0,NW,0.6,2.5,558.3229259
2019,9,15,12,4,36,70,3,0.586,33,100,26.7,12,40,1007.3,0,SW,0.5,0.5,656.0649347
2019,9,15,13,4,34,46,3,0.508,27,113,27.1,15.1,48,1006.5,0,NW,0.7,0.7,748.8723955
2019,9,15,14,4,35,43,3,0.512,25,122,26.7,16,52,1005.8,0,SW,0.5,0.5,827.7302686
2019,9,15,15,4,38,52,3,0.577,30,130,26.8,15.5,50,1005.5,0,SW,2.1,2.6,811.5031972
2019,9,15,16,4,36,59,3,0.596,44,143,27,16.6,53,1005.5,0,SW,2.7,5.3,620.1945664
2019,9,15,17,4,32,81,3,0.639,72,109,26.3,16,53,1005.3,0,SW,2.7,8,373.9416414
2019,9,15,18,4,30,72,3,0.546,75,93,25.4,16.5,58,1005.4,0,SW,1.9,9.9,188.6114053
2019,9,15,19,4,31,67,3,0.581,59,119,24.1,16.1,61,1005.8,0,SW,1.3,11.2,82.42372776
2019,9,15,20,4,35,67,3,0.587,43,125,20.5,16.7,79,1006.6,0,CV,0.4,0.4,47.31252071
2019,9,15,21,4,42.5,73,3,0.6045,43,116,20.15,17.3,84,1007.15,0,CV,0.6,0.6,34.69146521
2019,9,15,22,4,50,79,3,0.622,43,107,19.8,17.9,89,1007.7,0,NE,0.8,0.8,22.07040971
2019,9,15,23,4,40,96,3,0.802,63,57,18.6,17.3,92,1008.1,0,CV,0.3,0.3,23.87341763
2019,9,16,0,4,45,90,3,0.763,64,46,17.4,16.8,96,1008.7,0,NE,0.5,0.5,34.02719913
2019,9,16,1,4,40,80,3,0.752,72,30,17.1,16.6,97,1008.9,0,NE,0.8,1.3,42.94734362
2019,9,16,2,4,38,66,3,0.698,79,26,16.4,16.1,98,1009.2,0,NE,0.6,1.9,51.67769781
2019,9,16,3,4,20,58,3,0.625,69,44,16.1,15.6,97,1009.6,0,NE,0.8,2.7,58.60504406
2019,9,16,4,4,19,27,3,0.421,59,26,15,12.3,84,1009.9,0,NE,1.2,3.9,59.93357622
2019,9,16,5,4,12,25,3,0.37,75,2,15.6,9.7,68,1010.5,0,NE,0.9,4.8,61.16721322
2019,9,16,6,4,10,17,3,0.284,70,3,15,9.1,68,1011.5,0,CV,0.4,0.4,53.00622996
2019,9,16,7,4,18,43,2,0.418,57,18,15.3,12.4,83,1012.3,0,NW,0.6,0.6,63.16001146
2019,9,16,8,4,18,45,2,0.476,44,30,19.3,13.2,68,1013.1,0,NE,0.8,0.8,163.3692943
2019,9,16,9,4,16,40,3,0.436,36,35,22.5,13.6,57,1013.7,0,NE,1.2,2,535.0736131
2019,9,16,10,4,17,36,5,0.422,29,42,24.5,11.8,45,1013.8,0,NW,1.2,1.2,769.7493294
2019,9,16,11,4,16,37,6,0.438,30,49,25.7,12.5,44,1013.4,0,SE,0.9,0.9,939.991236
2019,9,16,12,4,17,46,6,0.545,36,53,26.5,11.4,39,1012.6,0,SW,2.5,2.5,1094.670337
2019,9,16,13,4,17,39,8,0.759,22,80,27.4,11.4,37,1011.7,0,SE,2.5,2.5,1210.252635
2019,9,16,14,4,22,41,7,0.69299999,20,93,27.3,12.5,40,1010.9,0,SW,1.8,1.8,1303.060096
2019,9,16,15,4,26,47,8,0.697,23,103,27.8,13,40,1010.3,0,SW,2.7,4.5,1381.253703
2019,9,16,16,4,26,62,8,0.768,21,119,27.3,11.7,38,1010.1,0,SW,2.9,7.4,1352.880052
2019,9,16,17,4,23,64,7,0.745,21,127,26.6,9.4,34,1010,0,SW,2.6,10,687.4752307
2019,9,16,18,4,19,59,5,0.551,21,127,24.9,9.6,38,1009.9,0,SW,2.6,12.6,169.5374793
2019,9,16,19,4,9,39,3,0.299,22,117,24.1,11.4,45,1009.9,0,SW,1.6,14.2,103.7751374
2019,9,16,20,4,15,50,3,0.371,25,113,23.2,10.6,45,1010.6,0,SW,1.1,15.3,109.8484273
2019,9,16,21,4,20,61,4,0.446,25,115,22,10.8,49,1010.9,0,SE,0.9,0.9,133.7620062
2019,9,16,22,4,14,48,3,0.371,30,80,21.8,12.1,54,1011.5,0,SW,1.7,1.7,152.4563515
2019,9,16,23,4,16,57,4,0.418,33,65,20.9,11.8,56,1011.8,0,SW,2.4,4.1,140.404667
2019,9,17,0,4,15,73,4,0.51,35,57,20.2,11.9,59,1012.3,0,SW,1.6,5.7,109.5637419
2019,9,17,1,4,16,68,5,0.545,32,56,19.9,12.9,64,1012.2,0,SW,1.7,7.4,79.00750221
2019,9,17,2,4,14,54,4,0.515,37,45,18.9,13.1,69,1012.2,0,SW,1,8.4,62.68553569
2019,9,17,3,4,16,53,3,0.468,35,42,17.5,13.4,77,1012.1,0,SW,0.8,9.2,46.83804494
2019,9,17,4,4,16.5,49.5,3,0.5335,36.5,38.5,16.5,14.05,86,1012.2,0,SW,0.7,4.9,38.53471895
2019,9,17,5,4,17,46,3,0.599,38,35,15.5,14.7,95,1012.3,0,NW,0.6,0.6,30.23139296
2019,9,17,6,4,20,43,2,0.907,31,35,15.6,14.5,93,1012.7,0,NE,0.5,0.5,21.21635332
2019,9,17,7,4,20,47,2,0.725,56,11,16.4,13.9,85,1012.5,0,NE,1,1.5,33.17314274
2019,9,17,8,4,25,57,2,0.658,70,2,18.2,13.5,74,1012.7,0,NW,1.5,1.5,139.9301912
2019,9,17,9,4,23,62,2,0.718,72,3,20.1,13.5,66,1012.8,0,NE,0.8,0.8,327.9174916
2019,9,17,10,4,33,82,2,0.81,70,6,21.9,14,61,1012.6,0,NE,1.3,2.1,487.9107215
2019,9,17,11,4,28,82,2,0.793,66,16,23.7,15.2,59,1011.9,0,NW,1.4,1.4,618.106873
2019,9,17,12,4,38,74,3,0.747,57,39,24.9,16.3,59,1011.3,0,SE,0.8,0.8,750.1060325
2019,9,17,13,4,48,81,3,0.778,52,66,26.4,16,53,1010.4,0,SW,1.7,1.7,858.5711937
2019,9,17,14,4,51,82,2,0.729,34,119,27.6,17.2,53,1009.4,0,SW,1.7,3.4,972.1606933
2019,9,17,15,4,53,78,3,0.65,27,144,27.7,16.9,52,1009,0,SW,2.4,5.8,906.777932
2019,9,17,16,4,52,89,4,0.67,22,164,27.9,17.7,54,1008.9,0,SW,1.8,7.6,657.2036766
2019,9,17,17,4,55,91,3,0.685,19,179,26.9,17.9,58,1009.4,0,SW,2.2,9.8,445.0181118
2019,9,17,18,4,64,88,2,0.681,22,175,25.7,17.9,62,1010,0,SW,1.2,11,216.5105806
2019,9,17,19,4,61,91,2,0.76,32,162,22.2,18.2,78,1010.9,0,NE,0.6,0.6,64.108963
2019,9,17,20,4,58,100,2.2,0.852,37,147,20.4,18.7,90,1012,0,CV,0.4,0.4,35.73531191
2019,9,17,21,4,67,99,2.4,0.931,39,126,19,17.8,93,1013.1,0,NW,0.6,0.6,40.00559384
2019,9,17,22,4,59,105,2.6,1.036,53,101,17.6,15,85,1014.1,0,NW,0.7,1.3,66.29155155
2019,9,17,23,4,6,82,2.8,0.895,53,74,23.2,0.3,22,1014.7,0,NW,1.9,3.2,120.9511604
2019,9,18,0,4,5,6,3,0.189,14,59,21.8,1.4,26,1015.3,0,NW,2.1,5.3,154.4491498
2019,9,18,1,4,8,9,3,0.098,10,65,22.4,-1,21,1016.4,0,NE,2.2,2.2,162.0407621
2019,9,18,2,4,7,15,3,0.08699999,17,60,20.7,-0.1,25,1017.3,0,NW,1.7,1.7,160.5224396
2019,9,18,3,4,3,16,3,0.098,34,37,16.6,1.8,37,1018.4,0,NW,0.8,2.5,159.4785929
2019,9,18,4,4,5,24.5,3,0.1505,43,30,15.55,2.85,43,1019.45,0,NW,0.65,1.5,119.0058097
2019,9,18,5,4,7,33,3,0.203,52,23,14.5,3.9,49,1020.5,0,NE,0.5,0.5,78.53302644
2019,9,18,6,4,4,23,2.857142857,0.177,42,22,13.2,7.2,67,1021.7,0,NE,0.5,1,55.66329428
2019,9,18,7,4,6.5,20,2.714285714,0.186,31,31,13.1,8.6,74,1022.3,0,SW,0.5,0.5,37.34852953
2019,9,18,8,4,9,18,2.571428571,0.232,32,30,17.3,4.6,43,1022.9,0,NE,1,1,75.59127666
2019,9,18,9,4,4,19,2.428571429,0.235,23,36,21.1,1.9,28,1023.2,0,NE,1.7,2.7,294.324607
2019,9,18,10,4,4,22,2.285714286,0.222,20,39,22.9,1.8,25,1023,0,NW,0.8,0.8,756.9384836
2019,9,18,11,4,7,22,2.142857143,0.242,18,44,24.3,0.6,21,1022.3,0,SE,1.3,1.3,1162.140792
2019,9,18,12,4,7,23,2,0.253,19,46,24.5,0.7,21,1021.4,0,SW,1.5,1.5,1418.452603
2019,9,18,13,4,5,13,2,0.22,16,56,25.8,1.1,20,1020.2,0,SW,1.1,2.6,1558.043375
2019,9,18,14,4,4,6,2,0.2,15,64,25.9,1.2,20,1019.1,0,SW,1.5,4.1,1619.725225
2019,9,18,15,4,8,14,2,0.243,24,68,26.3,5.3,26,1018.2,0,SE,1.5,1.5,1584.044647
2019,9,18,16,4,3,23,2,0.222,22,73,25.6,3.5,24,1017.7,0,SW,3.6,3.6,1259.028744
2019,9,18,17,4,4.25,23.25,2,0.221079195,21.25,73.5,23.525,4.875,32.5,1017.725,0,SW,2.8,2.8,970.927056
2019,9,18,18,4,5.5,23.5,2,0.220158389,20.5,74,21.45,6.25,41,1017.75,0,SW,2,2,682.8253681
2019,9,18,19,4,6.75,23.75,2,0.219237584,19.75,74.5,19.375,7.625,49.5,1017.775,0,SW,1.2,1.2,394.7236801
2019,9,18,20,4,8,24,2,0.218316778,19,75,17.3,9,58,1017.8,0,CV,0.4,0.4,106.6219921
2019,9,18,21,4,14,46,2,0.381,30,79,15.9,10,68,1017.6,0,SW,0.9,0.9,86.6940097
2019,9,18,22,4,19.5,53.5,2,0.4535,35.5,74.5,15.35,10.3,72,1017.55,0,SW,0.7,0.7,80.76306256
2019,9,18,23,4,25,61,2,0.526,41,70,14.8,10.6,76,1017.5,0,NW,0.5,0.5,74.83211542
2019,9,19,0,4,27,70,3,0.595,53,63,14.3,9.9,75,1017.5,0,SE,0.5,0.5,64.01406785
2019,9,19,1,4,24,80,3,0.569,57,51,14.6,9.4,71,1017.5,0,NE,0.7,0.7,57.37140706
2019,9,19,2,4,15,76,2,0.561,82,10,14.1,9.1,72,1017.2,0,NE,0.8,1.5,47.21762556
2019,9,19,3,4,16.5,71.5,2.333333333,0.528,79.5,6,13.35,9.35,77,1017.15,0,NE,0.55,0.9,45.41461763
2019,9,19,4,4,18,67,2.666666667,0.495,77,2,12.6,9.6,82,1017.1,0,CV,0.3,0.3,43.6116097
2019,9,19,5,4,15,50,3,0.395,72,2,13,10,82,1017.1,0,NE,0.8,0.8,43.42181939
2019,9,19,6,4,17,49,3,0.403,69,2,13.5,10.1,80,1017,0,NE,0.8,1.6,29.18754627
2019,9,19,7,4,15,50,3,0.432,70,2,14.4,10,75,1017.2,0,NE,0.6,2.2,42.3779727
2019,9,19,8,4,15,52,3,0.482,66,2,15.8,10.1,69,1017.5,0,NE,0.8,3,83.65736476
2019,9,19,9,4,18,51,2.75,0.551,57,10,16.7,10.5,67,1017.2,0,NW,0.9,0.9,199.9988238
2019,9,19,10,4,20,57,2.5,0.628,56,12,19.1,10.6,58,1016.9,0,SE,1.1,1.1,339.3049101
2019,9,19,11,4,21,66,2.25,0.652,50,21,20.4,9.9,51,1016,0,NW,0.5,0.5,470.355118
2019,9,19,12,4,24,60,2,0.64,40,46,21.6,10.1,48,1015.2,0,SE,0.7,0.7,655.3057735
2019,9,19,13,4,34,54,2,0.606,37,62,22.9,10.3,45,1014.2,0,SE,0.7,1.4,877.83491
2019,9,19,14,4,39,70,3,0.753,50,71,24.3,12.3,47,1013.3,0,SW,1.8,1.8,1049.310454
2019,9,19,15,4,40,92,2,0.766,70,69,24.1,13,50,1012.2,0,SW,3.4,5.2,1156.257292
2019,9,19,16,4,34,95,2,0.598,39,105,23.9,13.7,53,1011.9,0,SW,2,7.2,1129.117278
2019,9,19,17,4,33,94,3,0.617,31,120,23.7,14.1,55,1011.8,0,SW,2,9.2,796.8893435
2019,9,19,18,4,35,93,3,0.651,28,120,22.8,13.3,55,1011.6,0,SW,2.1,11.3,307.1354528
2019,9,19,19,4,32,101,6,0.868,34,116,21.5,12.6,57,1011.8,0,SW,1.3,12.6,185.954341
2019,9,19,20,4,22,92,5,0.741,32,106,20.6,12,58,1012.4,0,SW,1,13.6,150.6533436
2019,9,19,21,4,21,83,3,0.485,26,95,18.9,12.4,66,1012.6,0,SW,0.6,14.2,115.4472414
2019,9,19,22,4,21,77,2,0.463,26,83,17.8,12,69,1012.4,0,SW,0.6,14.8,88.59191278
2019,9,19,23,4,24,71.5,2,0.4785,26.5,76.5,16.7,12.65,77.5,1012.15,0,SW,0.45,7.55,64.77322909
2019,9,20,0,4,27,66,2,0.494,27,70,15.6,13.3,86,1011.9,0,CV,0.3,0.3,40.95454539
2019,9,20,1,4,30,65,2,0.661,41,42,15.9,14.6,92,1011.6,0,CV,0.4,0.7,36.11489252
2019,9,20,2,4,32,68,2,0.69199999,55,28,16.1,14.1,88,1011.4,0,NE,1,1,34.97615067
2019,9,20,3,4,39,81,2,0.7,78,4,16.2,14,87,1011.2,0,NE,1.1,2.1,31.18034451
2019,9,20,4,4,34,103,2,0.798,91,2,15.8,14,89,1010.9,0,CV,0.3,0.3,32.50887666
2019,9,20,5,4,36,94.33333333,2,0.763333333,88.33333333,2,15.56666667,14.2,91.66666667,1011.2,0,CV,0.333333333,0.433333333,36.20978767
2019,9,20,6,4,38,85.66666667,2,0.728666667,85.66666667,2,15.33333333,14.4,94.33333333,1011.5,0,CV,0.366666667,0.566666667,39.91069869
2019,9,20,7,4,40,77,2,0.694,83,2,15.1,14.6,97,1011.8,0,CV,0.4,0.7,43.6116097
2019,9,20,8,4,42,76,2,0.608,49,20,18,14.3,79,1012,0,NE,1,1,115.2574511
2019,9,20,9,4,38,71,2,0.647,40,36,20.8,13.5,63,1012,0,NE,1.3,2.3,292.8062846
2019,9,20,10,4,43,76,2,0.685,37,44,22.5,13.8,58,1011.8,0,SE,0.6,0.6,449.3832889
2019,9,20,11,4,47,87,2,0.729,45,54,24.1,13,50,1011.4,0,SW,1.1,1.1,632.1513559
2019,9,20,12,4,35,85,2,0.771,51,63,25.9,14,48,1010.7,0,NW,1,1,879.2583373
2019,9,20,13,4,38,67,3,0.69299999,40,88,27.4,12.6,40,1010,0,NE,0.7,0.7,1072.180186
2019,9,20,14,4,23,46,5,0.634,31,102,29,14,40,1009.5,0,SW,1.9,1.9,1211.391377
2019,9,20,15,4,24,41,4,0.573,26,112,27.3,15,47,1009.6,0,SW,1.8,3.7,1256.656365
2019,9,20,16,4,40,47,3,0.57,26,129,27.6,14.6,45,1009.7,0,SW,1.1,4.8,1066.012001
2019,9,20,17,4,33,94,2,0.703,39,150,28.1,13.6,41,1010,0,SW,1.2,6,378.8761894
2019,9,20,18,4,37,69,3,0.664,34,157,25,13.5,49,1010.7,0,SW,1.2,7.2,74.35763965
2019,9,20,19,4,38,81,2,0.68,42,144,22,14.6,63,1011,0,SW,0.7,7.9,41.04944054
2019,9,20,20,4,52,86,2,0.706,44,128,20.2,15.4,74,1011.9,0,CV,0.4,0.4,32.03440089
2019,9,20,21,4,53.83333333,90.66666667,2,0.7285,45.33333333,123.8333333,19.76666667,15.63333333,77.5,1012.2,0,CV,0.45,0.45,33.4578282
2019,9,20,22,4,55.66666667,95.33333333,2,0.751,46.66666667,119.6666667,19.33333333,15.86666667,81,1012.5,0,CV,0.5,0.5,34.88125552
2019,9,20,23,4,57.5,100,2,0.7735,48,115.5,18.9,16.1,84.5,1012.8,0,CV,0.55,0.55,36.30468283
2019,9,21,0,4,59.33333333,104.6666667,2,0.796,49.33333333,111.3333333,18.46666667,16.33333333,88,1013.1,0,CV,0.6,0.6,37.72811014
2019,9,21,1,4,61.16666667,109.3333333,2,0.8185,50.66666667,107.1666667,18.03333333,16.56666667,91.5,1013.4,0,CV,0.65,0.65,39.15153746
2019,9,21,2,4,63,114,2,0.841,52,103,17.6,16.8,95,1013.7,0,NE,0.7,0.7,40.57496477
2019,9,21,3,4,71,96,3,0.993,107,2,17,16.4,96,1013.7,0,NE,0.5,1.2,35.92510221
2019,9,21,4,4,88,101,4.5,0.934,106,2,16.7,16.4,98,1014,0,NE,0.6,1.8,29.85181235
2019,9,21,5,4,78.5,103,4.875,0.95075,107.5,2,17.1,16.825,98.25,1014.65,0,NE,0.65,1.55,49.02063349
2019,9,21,6,4,69,105,5.25,0.9675,109,2,17.5,17.25,98.5,1015.3,0,NE,0.7,1.3,68.18945463
2019,9,21,7,4,59.5,107,5.625,0.98425,110.5,2,17.9,17.675,98.75,1015.95,0,NE,0.75,1.05,87.35827576
2019,9,21,8,4,50,109,6,1.001,112,2,18.3,18.1,99,1016.6,0,NE,0.8,0.8,106.5270969
2019,9,21,9,4,42,52,5,0.639,44,58,21.7,16.2,71,1017.1,0,NE,1,1.8,240.0445788
2019,9,21,10,4,36,59,5,0.7,38,74,25,14.8,53,1017,0,NW,1.9,1.9,516.7588484
2019,9,21,11,4,31,59,5,0.659,36,87,26.3,14.1,47,1016.7,0,NE,1.4,1.4,801.1596254
2019,9,21,12,4,20,34,5,0.529,29,93,28,12.4,38,1016.3,0,NE,1.1,2.5,1004.330151
2019,9,21,13,4,20,24,6,0.418,20,101,28.6,9.8,31,1015.7,0,NE,1.3,3.8,1108.335239
2019,9,21,14,4,13,29,6,0.402,13,125,29.2,11.3,33,1015,0,SE,1.5,1.5,1158.344986
2019,9,21,15,4,24,36,7,0.459,18,142,29.6,11.2,32,1014.6,0,CV,0.4,0.4,1196.397943
2019,9,21,16,4,31,37,6,0.476,18,161,29.9,11.4,32,1014.5,0,SE,0.9,0.9,1120.102239
2019,9,21,17,4,38,55,6,0.56,22,181,29,12,35,1014.9,0,SW,1.2,1.2,439.8937735
2019,9,21,18,4,60,83,7,0.849,28,205,24.7,14.8,54,1015.2,0,SE,0.8,0.8,55.56839913
2019,9,21,19,4,80,115,12,1.936,36,225,23.9,15.1,58,1015.4,0,SW,0.6,0.6,41.14433569
2019,9,21,20,4,109,130,16,2.438,38,235,23.6,15.1,59,1016.2,0,SW,1,1.6,43.42181939
2019,9,21,21,4,133,168,22,3.166,40,228,22.7,15,62,1017,0,SW,1.4,3,49.96958503
2019,9,21,22,4,130,182,26,3.611,41,198,21.5,15.8,70,1017.3,0,SW,1.1,4.1,66.29155155
2019,9,21,23,4,118,167,20,2.824,42,172,22.1,16.4,70,1017.5,0,SW,1.3,5.4,73.59847842
2019,9,22,0,4,99,137,10,1.635,32,158,21.2,16.6,75,1017.8,0,SW,0.7,6.1,62.78043084
2019,9,22,1,4,107,99,8,1.322,25,145,19.3,16.5,84,1018,0,SE,0.6,0.6,46.64825464
2019,9,22,2,4,106.5,103,7.5,1.351,26,136.5,18.45,16.8,90.5,1017.85,0,SE,0.5,0.5,41.57136389
2019,9,22,3,4,106,107,7,1.38,27,128,17.6,17.1,97,1017.7,0,CV,0.4,0.4,36.49447314
2019,9,22,4,4,113,106,5,1.357,56,68,17.2,16.4,95,1017.9,0,NE,0.8,0.8,27.57432865
2019,9,22,5,4,139,113,6,1.393,79,35,17.2,16.6,96,1018.1,0,NE,0.7,1.5,23.20915156
2019,9,22,6,4,149,139,6,1.583,73,20,16.8,16.5,98,1018.3,0,CV,0.3,0.3,30.13649781
2019,9,22,7,4,140,149,6,1.959,85,4,16.7,16.5,99,1018.7,0,NE,0.6,0.6,39.34132776
2019,9,22,8,4,130,140,6,1.85,82,7,18.8,18.1,96,1019,0,NE,0.6,1.2,129.7764097
2019,9,22,9,4,116,130,6,1.887,73,34,21.6,17.4,77,1019,0,NE,1.2,2.4,384.9494793
2019,9,22,10,4,116,116,8,1.774,46,85,23.3,16.6,66,1018.7,0,NE,0.6,3,683.4896343
2019,9,22,11,4,99,116,10,1.737,29,126,24.9,15.5,56,1018,0,NE,1.2,4.2,910.3839479
2019,9,22,12,4,84,99,9,1.58,27,149,26.1,14.5,49,1017.2,0,SW,1,1,1039.536253
2019,9,22,13,4,69,84,11,1.479,20,185,27.4,13.7,43,1016.1,0,NW,0.8,0.8,1140.979173
2019,9,22,14,4,57,69,13,1.52,16,201,29.3,12.7,36,1015.1,0,NW,0.8,1.6,1220.406417
2019,9,22,15,4,40,57,10,1.17,15,187,28.4,11.5,35,1014.3,0,NW,1.4,3,1225.910336
2019,9,22,16,4,35,40,9,1.037,15,178,29.3,12.3,35,1013.7,0,NW,0.7,3.7,1109.473981
2019,9,22,17,4,24,35,8,0.837,15,156,27.6,12.8,40,1013.7,0,SW,1.5,1.5,409.2426387
2019,9,22,18,4,36,25,8,0.739,28,145,25.4,13.6,48,1013.8,0,SW,1.9,3.4,91.91324317
2019,9,22,19,4,52,66,8,0.86,79,131,23.3,14.8,59,1013.8,0,SW,1,4.4,42.66265816
2019,9,22,20,4,50,90,6,0.952,50,171,21,15.5,71,1014.1,0,CV,0.3,0.3,32.69866697
2019,9,22,21,4,52,87,6,1.022,47,157,19.4,15.5,78,1014.1,0,SW,0.8,0.8,29.28244142
2019,9,22,22,4,67,86,7,1.093,54,131,18.8,16.4,86,1014.1,0,NW,0.7,0.7,27.09985288
2019,9,22,23,4,79,106,7,1.139,62,125,18,15.8,87,1014,0,SE,0.5,0.5,24.34789341
2019,9,23,0,4,69,111,6,1.182,48,126,18,15.4,85,1013.8,0,NE,0.8,0.8,22.26020001
2019,9,23,1,4,72,87,5,1.254,63,79,17.5,15.1,86,1014,0,NE,0.7,1.5,20.45719208
2019,9,23,2,4,71,104,6,1.324,98,23,17.5,15.7,89,1014,0,NE,0.7,2.2,21.50103878
2019,9,23,3,4,68.66666667,101.6666667,5.666666667,1.319,98.66666667,16.78877852,17.06666667,15.7,91.66666667,1014,0,NE,0.7,1.7,21.78572424
2019,9,23,4,4,66.33333333,99.33333333,5.333333333,1.314,99.33333333,10.57755704,16.63333333,15.7,94.33333333,1014,0,NE,0.7,1.2,22.07040971
2019,9,23,5,4,64,97,5,1.309,100,4.366335553,16.2,15.7,97,1014,0,NE,0.7,0.7,22.35509517
2019,9,23,6,4,60,64,5,1.107,98,25,15.7,15.2,97,1014.3,0,NE,0.7,1.4,26.91006257
2019,9,23,7,4,56,60,5,1.043,106,9,16.2,15.9,98,1014.7,0,NE,1.2,2.6,38.20258591
2019,9,23,8,4,49,58,5,0.997,101,15,18.7,15.2,80,1014.8,0,NE,1.5,4.1,87.73785639
2019,9,23,9,4,41,70,5,1.103,78,35,23,12,50,1015.1,0,NE,1.8,5.9,207.0210652
2019,9,23,10,4,31,41,5,0.948,57,46,26.1,13.6,46,1015,0,NE,0.9,6.8,393.2053577
2019,9,23,11,4,26,43,7,0.809,44,58,28.7,9.9,31,1014.4,0,NW,1.6,1.6,567.8124413
2019,9,23,12,4,21,46,6,0.681,33,73,30.4,9.8,28,1013.8,0,NW,1.2,2.8,721.9221717
2019,9,23,13,4,20,37,7,0.577,26,85,31.8,8.1,23,1013,0,NW,1.5,4.3,885.0469417
2019,9,23,14,4,15,20,7,0.399,19,91,32.7,4.5,17,1012.2,0,NW,1.1,5.4,1100.364047
2019,9,23,15,4,10,5,4,0.268,13,95,33.2,6.5,19,1011.7,0,NE,0.8,0.8,1121.430771
2019,9,23,16,4,9,10,3,0.186,11,97,33.2,6.5,19,1011.4,0,SW,1.1,1.1,828.0149541
2019,9,23,17,4,6,11,2,0.13,14,94,31.6,10.3,27,1011.3,0,SE,0.6,0.6,117.9145154
2019,9,23,18,4,10,16,2,0.124,20,92,25.2,10.3,39,1011.6,0,SW,1.4,1.4,58.22546344
2019,9,23,19,4,17,19,2.333333333,0.182,48,65,26,11,39,1011.8,0,SW,1.7,3.1,56.51735067
2019,9,23,20,4,30,64,2.666666667,0.422,98,31,23.5,12.8,51,1012,0,CV,0.3,0.3,70.18225287
2019,9,23,21,4,32,97,3,0.533,66,93,21.7,12,54,1012,0,SW,1.1,1.1,58.03567314
2019,9,23,22,4,34,85,3,0.55,60,96,22,9.5,45,1011.8,0,SE,0.8,0.8,45.60440794
2019,9,23,23,4,31,75,2,0.614,91,63,19.5,8.8,50,1011.8,0,CV,0.3,0.3,37.25363437
2019,9,24,0,4,27,71,2,0.621,95.5,53.5,18.15,10.25,61,1011.9,0,CV,0.35,0.5,41.38157358
2019,9,24,1,4,23,67,2,0.628,100,44,16.8,11.7,72,1012,0,CV,0.4,0.7,45.50951279
2019,9,24,2,4,15,36,2,0.622,101,4,17.8,10.9,64,1012.4,0,NE,0.6,0.6,54.61944759
2019,9,24,3,4,24,33,2,0.421,82,8,17.1,10.7,66,1012.4,0,NE,0.5,1.1,60.88252776
2019,9,24,4,4,12,44,2,0.431,81,7,17.2,12.1,72,1012.6,0,NE,0.8,1.9,72.17505111
2019,9,24,5,4,11,32.5,2.5,0.3805,73,14.5,16.75,10.45,66.5,1013.1,0,NE,0.8,1.35,75.59127666
2019,9,24,6,4,10,21,3,0.33,65,22,16.3,8.8,61,1013.6,0,NE,0.8,0.8,79.00750221
2019,9,24,7,4,13,21,3,0.354,62,14,16.9,9.3,61,1014.4,0,NE,0.6,1.4,84.6063163
2019,9,24,8,4,10,23,4,0.429,55,19,21.6,9.8,47,1014.9,0,NE,1.1,2.5,108.3301048
2019,9,24,9,4,11,32,5,0.492,48,26,26.1,10.7,38,1015.5,0,NE,1.4,3.9,151.7920855
2019,9,24,10,4,14,48,6,0.503,44,31,29.4,7.9,26,1015.6,0,NE,1.7,5.6,250.3881506
2019,9,24,11,4,9,46,6,0.461,39,38,31.2,7,22,1015.5,0,NE,1.3,6.9,463.5226669
2019,9,24,12,4,12,39,5,0.389,32,53,31.8,8.1,23,1015,0,SE,1.1,1.1,831.2413893
2019,9,24,13,4,3,21,4,0.248,17,75,32,8.9,24,1014.3,0,SE,1.2,2.3,1059.36934
2019,9,24,14,4,4,18,3,0.198,13,90,32.8,8.3,22,1013.7,0,SE,0.8,3.1,1189.850177
2019,9,24,15,4,8,8,2,0.141,10,90,32.5,6.6,20,1013.3,0,SE,1.7,4.8,1137.847632
2019,9,24,16,4,5,20,2,0.148,15,99,32.8,8.3,22,1013,0,SE,0.8,5.6,928.6038175
2019,9,24,17,4,10,21,2,0.127,16,103,31.6,7.9,23,1013,0,SW,1.1,1.1,197.4366546
2019,9,24,18,4,14,10,3,0.149,16,108,27.9,8.2,29,1013.6,0,SW,1.6,2.7,110.5126934
2019,9,24,19,4,24,49,4,0.348,26,131,27.2,10,34,1014.2,0,SW,2.3,5,140.0250863
2019,9,24,20,4,29,66,6,0.625,28,143,25.7,10.3,38,1015,0,SW,1.7,6.7,201.1375656
2019,9,24,21,4,17,88,4,0.585,33,124,24.4,10.3,41,1015.5,0,SW,1.6,8.3,175.8005595
2019,9,24,22,4,13,51,5,0.459,35,101,23.5,10.5,44,1015.8,0,SW,2,10.3,109.5637419
2019,9,24,23,4,16,55,6,0.496,30,92,22.9,10.3,45,1016.1,0,SW,1.2,11.5,70.9414141
2019,9,25,0,4,14.66666667,61.33333333,5.666666667,0.500666667,31.33333333,87.66666667,21.03333333,10.86666667,53.66666667,1016.2,0,SW,1.033333333,7.9,61.26210838
2019,9,25,1,4,13.33333333,67.66666667,5.333333333,0.505333333,32.66666667,83.33333333,19.16666667,11.43333333,62.33333333,1016.3,0,SW,0.866666667,4.3,51.58280265
2019,9,25,2,4,12,74,5,0.51,34,79,17.3,12,71,1016.4,0,NE,0.7,0.7,41.90349693
2019,9,25,3,4,19,49,4,0.615,48,39,17.3,12,71,1016.6,0,CV,0.3,0.3,32.31908636
2019,9,25,4,4,17,65,4,0.7,93,1,17.3,13,76,1016.6,0,NE,0.8,0.8,23.68362733
2019,9,25,5,4,23,74,3,0.762,95,2,16.7,13.4,81,1016.5,0,CV,0.4,0.4,21.02656301
2019,9,25,6,4,25.5,71.5,3,0.7345,91.5,2,15.9,14,89,1016.9,0,CV,0.4,0.6,21.40614363
2019,9,25,7,4,28,69,3,0.707,88,2,15.1,14.6,97,1017.3,0,CV,0.4,0.8,21.78572424
2019,9,25,8,4,27,71,3,0.79,74,5,18.2,15.1,82,1017.2,0,SW,0.9,0.9,70.08735772
2019,9,25,9,4,31,59,3,0.761,75,15,22,13.6,59,1017.5,0,SE,0.9,0.9,287.8717365
2019,9,25,10,4,33,74,2,0.785,61,39,24.4,12.4,47,1017.3,0,NE,1.1,1.1,462.7635057
2019,9,25,11,4,27,76,2,0.807,53,57,26.8,11.7,39,1016.8,0,SE,0.8,0.8,599.1278422
2019,9,25,12,4,22,58,2.166666667,0.736,46,89,27.9,13.4,41,1016,0,NW,0.8,0.8,729.1342034
2019,9,25,13,4,33,62,2.333333333,0.697,36,126,29.7,13,36,1014.8,0,SE,1.6,1.6,853.4468554
2019,9,25,14,4,34,62,2.5,0.778,34,162,30.5,12.4,33,1013.9,0,SW,1.2,1.2,945.4002598
2019,9,25,15,4,33,67,2.666666667,0.778,37,175,30.7,13,34,1013.6,0,SE,1.3,1.3,973.0147496
2019,9,25,16,4,29,63,2.833333333,0.613,22,190,30.6,12.9,34,1013.3,0,SW,1.5,1.5,917.9755602
2019,9,25,17,4,21.5937685,51,3,0.56,22,168,29.8,10.4,30,1013.5,0,SW,2.4,3.9,311.4057348
2019,9,25,18,4,14.18753699,8.871071307,3.274751665,0.444,26,154,25.1,12.3,45,1013.8,0,SW,0.9,4.8,91.05918679
2019,9,25,19,4,18,14.18753699,2,0.445,39,145,21.3,12.7,58,1014.2,0,SW,0.6,5.4,52.7215445
2019,9,25,20,4,23,65,4,0.633,45,142,19.9,14.3,70,1014.7,0,SW,0.9,6.3,49.11552864
2019,9,25,21,4,25,72,3,0.652,37,130,19.2,13.8,71,1015,0,SW,0.7,7,43.13713393
2019,9,25,22,4,24.66666667,75.66666667,3,0.653333333,38.33333333,126.3333333,18.76666667,13.93333333,73.66666667,1015.133333,0,SW,0.6,4.8,37.31689781
2019,9,25,23,4,24.33333333,79.33333333,3,0.654666667,39.66666667,122.6666667,18.33333333,14.06666667,76.33333333,1015.266667,0,SW,0.5,2.6,31.49666168
2019,9,26,0,4,24,83,3,0.656,41,119,17.9,14.2,79,1015.4,0,CV,0.4,0.4,25.67642556
2019,9,26,1,4,35,84,3,0.797,69,69,17.9,14.6,81,1015.6,0,NE,0.7,0.7,26.53048195
2019,9,26,2,4,40,77,3,0.948,123,5,17.4,14.3,82,1015.5,0,NE,0.7,1.4,27.57432865
2019,9,26,3,4,44,100,3,1.075,95,23,16.7,14.2,85,1015.4,0,CV,0.3,0.3,27.95390926
2019,9,26,4,4,39.25,97,3,1.02925,95.5,19,16.425,14.35,87.5,1015.75,0,CV,0.425,0.425,27.09985287
2019,9,26,5,4,34.5,94,3,0.9835,96,15,16.15,14.5,90,1016.1,0,CV,0.55,0.55,26.24579649
2019,9,26,6,4,29.75,91,3,0.93775,96.5,11,15.875,14.65,92.5,1016.45,0,CV,0.675,0.675,25.3917401
2019,9,26,7,4,25,88,3,0.892,97,7,15.6,14.8,95,1016.8,0,NE,0.8,0.8,24.53768371
2019,9,26,8,4,30,46,3,0.736,102,15,18.9,14.8,77,1017.3,0,NE,1,1.8,84.22673569
2019,9,26,9,4,27,51,3,0.749,64,61,22.8,13.3,55,1017.6,0,NW,1.2,1.2,246.4025542
2019,9,26,10,4,29,47,2.666666667,0.657,28,100,24.8,13,48,1017.7,0,NE,1.6,1.6,412.5639691
2019,9,26,11,4,46,57,2.333333333,0.64,27,111,26.3,13.8,46,1017.4,0,SE,1.1,1.1,605.0113418
2019,9,26,12,4,55,84,2,0.729,37,125,27.7,14.3,44,1016.9,0,NE,0.7,0.7,815.2990034
2019,9,26,13,4,60,93,2,0.82,47,145,28.9,15.4,44,1016,0,SW,1.1,1.1,1126.460214
2019,9,26,14,4,43,77,2,0.794,40,194,29.9,13.2,36,1015.3,0,SW,1.7,2.8,1413.328265
2019,9,26,15,4,44,57,2,0.66,28,225,30.7,13.9,36,1014.6,0,SE,1.3,1.3,1598.373816
2019,9,26,16,4,39,57,2,0.57,22,223,30.5,12.9,34,1014.4,0,SW,1.8,1.8,1598.184025
2019,9,26,17,4,33,60,2,0.525,23,221,29.1,12.5,36,1014.5,0,SW,1.5,3.3,418.8270493
2019,9,26,18,4,28,58,2,0.517,20,216,26.2,13,44,1014.8,0,SW,1.1,4.4,54.52455243
2019,9,26,19,4,39,46,2,0.52,24,196,22.5,13.3,56,1015.2,0,SW,0.7,5.1,29.37733658
2019,9,26,20,4,37,66,2,0.585,30,180,22.9,12.2,51,1015.8,0,SW,1.2,6.3,31.27523966
2019,9,26,21,4,39,81,2,0.745,44,139,21,12.7,59,1015.9,0,SW,0.7,7,40.66985992
2019,9,26,22,4,39,58,2,0.656,36,132,19.2,14.7,75,1016,0,NW,0.5,0.5,49.40021411
2019,9,26,23,4,34,61,2,0.676,40,117,17.7,14.8,83,1016.1,0,CV,0,0,48.64105287
2019,9,27,0,4,36,71,2,0.733,48,114,17.1,15.3,89,1016.3,0,CV,0.3,0.3,47.50231102
2019,9,27,1,4,37,78,2,0.718,45,113,16.8,15.8,94,1016.4,0,CV,0.3,0.6,50.4440608
2019,9,27,2,4,40,80,2,0.806,39,105,17.2,15.7,91,1016.4,0,NE,0.7,0.7,59.17441499
2019,9,27,3,4,44,76,3,0.871,46,85,17,15.5,91,1016.3,0,NE,0.8,1.5,62.875326
2019,9,27,4,4,52,76,5,0.966,71,48,16.6,15.3,92,1016.5,0,NE,0.8,2.3,60.5978423
2019,9,27,5,4,62.33333333,78.33333333,4.666666667,0.99,67.33333333,44.33333333,16.26666667,15.33333333,94.33333333,1016.766667,0,NE,0.766666667,1.766666667,64.58343877
2019,9,27,6,4,72.66666667,80.66666667,4.333333333,1.014,63.66666667,40.66666667,15.93333333,15.36666667,96.66666667,1017.033333,0,NE,0.733333333,1.233333333,68.56903525
2019,9,27,7,4,83,83,4,1.038,60,37,15.6,15.4,99,1017.3,0,NE,0.7,0.7,72.55463172
2019,9,27,8,4,90,83,2,0.954,63,12,18,15.4,85,1017.7,0,NE,1.5,2.2,195.0642758
2019,9,27,9,4,102,90,2,1.282,60,20,19.9,16.7,82,1017.8,0,NE,1.1,3.3,381.723044
2019,9,27,10,4,106,102,3,1.366,44,48,22,16.7,72,1017.6,0,NE,1.2,4.5,527.7666863
2019,9,27,11,4,104,106,3,1.424,34,75,23.5,16,63,1016.8,0,NE,1.3,5.8,662.5178052
2019,9,27,12,4,103,104,3,1.559,31,96,24.8,16.2,59,1015.9,0,NW,1.2,1.2,867.7760237
2019,9,27,13,4,99,103,4,1.59,33,121,26.4,16.3,54,1014.7,0,SE,1,1,1232.552996
2019,9,27,14,4,83,99,4,1.515,31,163,28,15,45,1013.7,0,SE,1.8,2.8,1574.650027
2019,9,27,15,4,51,83,4,1.262,28,190,28.2,10.8,34,1012.9,0,SW,2.2,2.2,1738.533958
2019,9,27,16,4,41,51,3,0.873,20,200,28,11.5,36,1012.5,0,SE,1.9,1.9,1778.105238
2019,9,27,17,4,24,41,3,0.656,18,190,27.1,11.2,37,1012.5,0,SE,1.7,3.6,714.4254545
2019,9,27,18,4,25,24,2,0.401,16,168,25.2,9.1,36,1012.4,0,SW,1.1,1.1,138.3169736
2019,9,27,19,4,16,39,2,0.42,20,173,22.1,9.6,45,1012.6,0,SW,0.8,1.9,62.97022115
2019,9,27,20,4,31,31,2,0.442,27,152,22.7,10.8,47,1012.9,0,NW,0.8,0.8,53.95518151
2019,9,27,21,4,32.2,38.4,2,0.466799998,28.8,148.4,21.44,11.6,55.6,1012.86,0,NW,0.72,0.72,50.55793499
2019,9,27,22,4,33.4,45.8,2,0.491599996,30.6,144.8,20.18,12.4,64.2,1012.82,0,NW,0.64,0.64,47.16068847
2019,9,27,23,4,34.6,53.2,2,0.516399994,32.4,141.2,18.92,13.2,72.8,1012.78,0,NW,0.56,0.56,43.76344195
2019,9,28,0,4,35.8,60.6,2,0.541199992,34.2,137.6,17.66,14,81.4,1012.74,0,NW,0.48,0.48,40.36619543
2019,9,28,1,4,37,68,2,0.56599999,36,134,16.4,14.8,90,1012.7,0,CV,0.4,0.4,36.96894891
2019,9,28,2,4,43,87,3,0.716,43,88,16.7,14.9,89,1012.5,0,NE,0.7,0.7,26.4355868
2019,9,28,3,4,60,94,3,0.94099999,112,2,16.5,14.5,88,1012,0,NE,0.6,1.3,27.28964318
2019,9,28,4,4,75.5,95.5,2.5,0.993999995,107,1.5,16.2,14.65,90.5,1012.1,0,NE,0.65,1,29.99415508
2019,9,28,5,4,91,97,2,1.047,102,1,15.9,14.8,93,1012.2,0,NE,0.7,0.7,32.69866697
2019,9,28,6,4,88,91,2,0.914,53,27,15.2,14.1,93,1012.3,0,NE,0.7,1.4,33.36293305
2019,9,28,7,4,74,88,2,0.97,46,32,15.5,14.7,95,1012.6,0,NE,0.9,2.3,33.07824759
2019,9,28,8,4,78,74,2,0.986,44,40,17.6,14.7,83,1012.8,0,NE,1,3.3,104.4394035
2019,9,28,9,4,67,78,2,1.01,44,50,20.8,14.2,66,1013.2,0,NE,1,4.3,316.6249682
2019,9,28,10,4,79,68,2,0.949,28,87,22.9,15.2,62,1012.9,0,NE,1,5.3,504.6122687
2019,9,28,11,4,93,79,2,0.987,24,101,24.3,15.5,58,1012.2,0,NE,1,6.3,645.5315726
2019,9,28,12,4,82,93,3,0.988,29,117,26.1,15.5,52,1011.3,0,NW,1.1,1.1,822.0365594
2019,9,28,13,4,85,82,3,0.967,33,137,27.7,15,46,1010.2,0,NE,0.8,0.8,1007.841271
2019,9,28,14,4,69,85,3,0.903,32,179,28.5,13.2,39,1009.3,0,SW,1.8,1.8,1235.589641
2019,9,28,15,4,60,69,3,0.824,30,214,29.2,13.4,38,1008.7,0,SW,2.2,4,1416.459805
2019,9,28,16,4,58,70,3,0.784,28,225,28.7,13.4,39,1008.5,0,SW,2.5,6.5,1298.030653
2019,9,28,17,4,45,73,3,0.72,25,228,27.9,14.2,43,1008.4,0,SW,1.6,8.1,374.8905929
2019,9,28,18,4,44,76,2,0.67,21,217,25.8,14.6,50,1008.7,0,SW,1.1,9.2,89.35107401
2019,9,28,19,4,51,76,2,0.672,22,208,22.5,15.1,63,1008.9,0,SW,0.9,10.1,46.07888371
2019,9,28,20,4,43,92,2,0.715,27,207,20.5,15.3,72,1009.5,0,SE,0.5,0.5,38.86685199
2019,9,28,21,4,45,91,2.25,0.751,29,181,19.4,15.1,76,1010,0,CV,0,0,35.5455216
2019,9,28,22,4,54,92.5,2.5,0.8195,35.5,165.5,18.6,15.6,83,1010.1,0,CV,0,0,28.38093746
2019,9,28,23,4,63,94,2.75,0.888,42,150,17.8,16.1,90,1010.2,0,CV,0,0,21.21635332
2019,9,29,0,4,67,116,3,1.036,55,78,18.2,16.5,90,1010.2,0,NE,0.7,0.7,16.2818053
2019,9,29,1,4,93,81,3,1.065,73,68,17.9,15.9,88,1010.3,0,CV,0.4,0.4,15.99711984
2019,9,29,2,4,100,129,3,1.093,52,76,17.6,16.1,91,1010.2,0,NE,0.5,0.5,16.37670046
2019,9,29,3,4,87,106,3,1.043,50,68,17.2,15.9,92,1009.9,0,CV,0,0,15.71243438
2019,9,29,4,4,86,87,3,0.971,45,70,17,15.9,93,1010.1,0,NE,0.7,0.7,15.33285376
2019,9,29,5,4,76,86,2.833333333,0.96,65,50,16.7,15.6,93,1010.1,0,CV,0.3,0.3,16.56649076
2019,9,29,6,4,80,76,2.666666667,0.887,74,46,16.4,15.6,95,1010.2,0,NE,0.8,0.8,19.6031357
2019,9,29,7,4,79,80,2.5,0.906,75,38,16.7,15.7,94,1010.7,0,NE,0.6,1.4,25.86621587
2019,9,29,8,4,78,79,2.333333333,0.954,65,53,18.7,15.2,80,1011.1,0,NE,1,2.4,73.59847842
2019,9,29,9,4,85,78,2.166666667,1.042,68,61,22.1,15.9,68,1011.2,0,NE,0.8,3.2,245.1689172
2019,9,29,10,4,72,88,2,1.083,60,91,24.9,16.1,58,1011.3,0,NW,1.2,1.2,431.4481048
2019,9,29,11,4,64,86,2,0.934,27,148,26.1,15.8,53,1010.7,0,NE,1.1,1.1,644.6775162
2019,9,29,12,4,68,90,2,0.847,22,166,27.4,16.1,50,1009.9,0,NE,1.2,2.3,851.359162
2019,9,29,13,4,68,85,2,0.81299999,23,187,28.9,15.4,44,1008.9,0,SE,0.9,0.9,1109.568876
2019,9,29,14,4,87,88,2,0.859,30,199,30,14.9,40,1008.2,0,SE,0.7,1.6,1396.247137
2019,9,29,15,4,68,88,3,0.931,34,221,30.5,15.4,40,1007.5,0,SE,1.3,2.9,1519.800628
2019,9,29,16,4,49,71,3,0.787,23,234,30.2,14.7,39,1007.1,0,SE,1.4,4.3,1630.163692
2019,9,29,17,4,44,66,3,0.668,20,227,29.2,14.2,40,1007.1,0,SW,1.4,1.4,408.7681629
2019,9,29,18,4,50,58,2,0.598,18,217,26,15.1,51,1007.4,0,SW,0.7,2.1,64.20385816
2019,9,29,19,4,52.66666667,63,2,0.610666667,19.33333333,218.6666667,23.83333333,15.7,62.33333333,1007.733333,0,SW,0.6,1.533333333,55.72655772
2019,9,29,20,4,55.33333333,68,2,0.623333333,20.66666667,220.3333333,21.66666667,16.3,73.66666667,1008.066667,0,SW,0.5,0.966666667,47.24925728
2019,9,29,21,4,58,73,2,0.636,22,222,19.5,16.9,85,1008.4,0,CV,0.4,0.4,38.77195684
2019,9,29,22,4,60.33333333,84.66666667,2,0.812333333,36.33333333,178.6666667,19.13333333,17.16666667,88.66666667,1008.433333,0,CV,0.4,0.533333333,36.84242204
2019,9,29,23,4,62.66666667,96.33333333,2,0.988666667,50.66666667,135.3333333,18.76666667,17.43333333,92.33333333,1008.466667,0,CV,0.4,0.666666667,34.91288724
2019,9,30,0,4,65,108,2,1.165,65,92,18.4,17.7,96,1008.5,0,CV,0.4,0.8,32.98335244
2019,9,30,1,4,65,124,5,1.797,98,24,18.3,17.8,97,1008.5,0,CV,0,0.8,33.93230398
2019,9,30,2,4,82,123,6,1.962,123,2,18.6,17.6,94,1008.4,0,NE,0.8,0.8,32.79356213
2019,9,30,3,4,85,123,5,1.551,83,17,18.3,17.3,94,1008.1,0,NE,0.7,1.5,31.46502997
2019,9,30,4,4,93,109,5,1.406,60,33,18,17,94,1007.9,0,NE,0.5,2,34.31188459
2019,9,30,5,4,90,105,5,1.343,56,32,17.6,16.6,94,1008,0,NE,0.9,2.9,36.49447314
2019,9,30,6,4,93,98,4,1.341,62,15,17.5,16.9,96,1008.2,0,NE,0.8,3.7,35.26083614
2019,9,30,7,4,94,93,4,1.291,37,42,17.7,16.9,95,1008.7,0,NE,1,4.7,35.16594098
2019,9,30,8,4,93,94,5,1.273,33,55,19.5,16.9,85,1009,0,NE,1.2,5.9,128.6376678
2019,9,30,9,4,118,104,5,1.365,43,39,22,17.4,75,1009.6,0,NE,1.2,7.1,333.5163057
2019,9,30,10,4,113,131,5,1.396,40,43,23.6,17.6,69,1009.4,0,NE,1.5,8.6,527.576896
2019,9,30,11,4,122,119,6,1.377,37,61,25.1,17.3,62,1009,0,NE,0.9,9.5,709.0164307
2019,9,30,12,4,124,125,6,1.411,40,88,26.6,17.1,56,1008.5,0,SE,0.8,0.8,921.1071003
2019,9,30,13,4,123,140,6,1.449,46,114,28.2,17.1,51,1007.4,0,SW,1.3,1.3,1285.599387
2019,9,30,14,4,95,134,6,1.492,38,161,29.3,16.5,46,1006.7,0,SE,1.4,1.4,1627.221942
2019,9,30,15,4,58,95,6,1.253,33,185,29.7,15.4,42,1006.5,0,SE,1.5,2.9,1761.878166
2019,9,30,16,4,47,80,7,1.101,20,199,29.3,15.8,44,1006.2,0,SW,1.7,1.7,1782.470415
2019,9,30,17,4,49,88,8,1.077,20,200,28.1,15.4,46,1006.2,0,SW,1.7,3.4,638.6991215
2019,9,30,18,4,54,95,8,1.126,19,199,26.4,16,53,1006.2,0,SW,1.2,4.6,219.0727498
2019,9,30,19,4,58,114,7,1.166,22,195,24.1,16.4,62,1006.5,0,SW,0.7,5.3,141.068933
2019,9,30,20,4,58,116,7,1.182,25,184,22.6,16.8,70,1007.3,0,SW,0.9,6.2,111.6514352
2019,9,30,21,4,56,119,7,1.207,29,161,21.3,16.9,76,1007.7,0,CV,0,0,78.15344582
2019,9,30,22,4,58,116,7,1.309,37,135,21,18.2,84,1008.3,0,NW,0.5,0.5,85.74505815
2019,9,30,23,4,54.8,116.2,6.8,1.3136,37.6,133,20.38,18.08,86.8,1008.32,0,NW,0.46,0.46,75.34454925
